"","baseMean","log2FoldChange","lfcSE","stat","pvalue","padj","Status","Reference"
"lcl|NC_001869.1_prot_DAC79590.1",128.502603031896,-1.22567923452318,0.485109871332498,-2.52660130612573,0.0115172166441856,0.165117019389238,"Presentes","ASM680v1"
"lcl|NC_001869.1_prot_DAC79591.1",12.1224341485435,-0.0337760950428765,0.92963993027787,-0.0363324486640551,0.971017276720338,0.996392393425882,"Presentes","ASM680v1"
"lcl|NC_001869.1_prot_DAC79592.1",16.5044581532759,-0.126788940189275,0.846296577433151,-0.149816203409247,0.8809096251699,0.992569633524893,"Presentes","ASM680v1"
"lcl|NC_001869.1_prot_DAC79593.1",74.0395545932446,-0.16135507482624,0.600300232293297,-0.268790625333965,0.788090807851403,0.976628487315698,"Presentes","ASM680v1"
"lcl|NC_001869.1_prot_DAC79594.1",46.7243697212332,-1.01755092869994,0.579153083850216,-1.75696367173814,0.0789240015348418,0.509962782475773,"Presentes","ASM680v1"
"lcl|NC_001869.1_prot_DAC79595.1",240.966695093026,-0.196499272100724,0.458517144810572,-0.428553815979781,0.668247961581362,0.951935028116109,"Presentes","ASM680v1"
"lcl|NC_001869.1_prot_DAC79597.1",0.51494178597678,-2.25346808737322,4.30524478006322,-0.523423917220365,0.600679283893313,NA,"Presentes","ASM680v1"
"lcl|NC_001869.1_prot_DAC79598.1",6.20248277820826,0.163943679913798,1.38659729366648,0.118234530431178,0.905881830508408,0.993617017361788,"Presentes","ASM680v1"
"lcl|NC_001869.1_prot_DAC79599.1",13.3479586739617,-0.398495526378075,0.881482651066159,-0.452074156985497,0.651215560359832,0.949311623255612,"Presentes","ASM680v1"
"lcl|NC_001869.1_prot_DAC79600.1",14.2739356137391,-0.811949374051332,0.838067699169366,-0.968835065300905,0.332627488073403,0.825073470718004,"Presentes","ASM680v1"
"lcl|NC_001869.1_prot_DAC79601.1",44.5647936988678,0.891899648914449,0.578258218519753,1.54238992261548,0.122978868941174,0.610124826169274,"Presentes","ASM680v1"
"lcl|NC_001869.1_prot_DAC79602.1",4.5988847008534,-0.360462829364875,1.3496529341055,-0.267078165249776,0.789408978754557,0.976628487315698,"Presentes","ASM680v1"
"lcl|NC_001869.1_prot_DAC79603.1",3.9409913092595,-1.84977538652,1.55089858100334,-1.19271202461434,0.232982174694535,0.747046069826993,"Presentes","ASM680v1"
"lcl|NC_001869.1_prot_DAC79604.1",2.95511585969263,-1.22056453371922,1.80222930537363,-0.6772526282199,0.49824568153745,NA,"Presentes","ASM680v1"
"lcl|NC_001869.1_prot_DAC79605.1",2.39682339409759,-0.832854718753079,1.84999817254999,-0.450192184571239,0.652571871129332,NA,"Presentes","ASM680v1"
"lcl|NC_001869.1_prot_DAC79606.1",24.392291357252,-0.466108705203974,0.739102303713566,-0.630641662002736,0.528274851501352,0.930431633490929,"Presentes","ASM680v1"
"lcl|NC_001869.1_prot_DAC79607.1",3.59470710251698,-0.557947058033867,1.51697166827974,-0.36780321590751,0.713019970915598,NA,"Presentes","ASM680v1"
"lcl|NC_001869.1_prot_DAC79608.1",144.261406163577,1.13956532945001,0.473042665165354,2.4090117305839,0.0159957838315854,0.209208014849946,"Presentes","ASM680v1"
"lcl|NC_001869.1_prot_DAC79609.1",3.52846074513867,-0.0341507179182045,1.5285312924715,-0.0223421778058503,0.9821750042455,NA,"Presentes","ASM680v1"
"lcl|NC_001869.1_prot_NA.22",54.8397698474257,-1.5283342682755,0.587533196180416,-2.60127304841885,0.00928784967315023,0.139880645077444,"Presentes","ASM680v1"
"lcl|NC_001869.1_prot_DAC79610.1",11.9463029313555,0.451774681226369,0.889048390597189,0.508155333280458,0.611344412698888,0.948538621730313,"Presentes","ASM680v1"
"lcl|NC_001869.1_prot_NA.23",17.0794232988416,-0.984444313942623,0.79360073668656,-1.24047807472164,0.214798618880157,0.736240783334057,"Presentes","ASM680v1"
"lcl|NC_001869.1_prot_DAC79611.1",3.12344471754267,-0.143073883098898,1.75510814759452,-0.0815185567310988,0.935029567853509,NA,"Presentes","ASM680v1"
"lcl|NC_001869.1_prot_NA.24",23.4461684311446,1.42539535175174,0.712680335813645,2.0000486615425,0.0454950095846243,0.39437825168997,"Presentes","ASM680v1"
"lcl|NC_001869.1_prot_DAC79612.1",16.4868543458458,-0.19059052942552,0.802163325552062,-0.237595665813258,0.812194712447764,0.98220546905248,"Presentes","ASM680v1"
"lcl|NC_001869.1_prot_DAC79613.1",10.0937755602607,-0.0727802390247222,0.97372191540365,-0.0747443781159548,0.94041809777383,0.996392393425882,"Presentes","ASM680v1"
"lcl|NC_001869.1_prot_DAC79615.1",1.98965451341291,-0.333475933107391,1.99301450898453,-0.167322381048446,0.867116394847693,NA,"Presentes","ASM680v1"
"lcl|NC_001869.1_prot_DAC79617.1",7.63672493498941,-0.234685582822083,1.11086174835559,-0.211264437874009,0.832680931089575,0.982725881858807,"Presentes","ASM680v1"
"lcl|NC_001869.1_prot_DAC79618.1",7.65204183085222,-2.96743916366001,1.29166313274943,-2.29737854121727,0.0215971848262628,0.259518158738885,"Presentes","ASM680v1"
"lcl|NC_001869.1_prot_DAC79619.1",14.7671717576932,0.347990554854027,0.831254596991855,0.418632938829254,0.67548441297575,0.951935028116109,"Presentes","ASM680v1"
"lcl|NC_001869.1_prot_DAC79620.1",28.3788701504468,-1.42796565872761,0.826468379273956,-1.72779224775915,0.0840254777458871,0.516574982712999,"Presentes","ASM680v1"
"lcl|NC_001869.1_prot_DAC79621.1",6.20929897339362,-1.37253778617171,1.24465301580444,-1.10274732696053,0.270136907992193,0.795309029626749,"Presentes","ASM680v1"
"lcl|NC_001869.1_prot_DAC79622.1",0.963308493191045,-1.24189588621733,2.96819999376273,-0.418400339878379,0.675654438112004,NA,"Presentes","ASM680v1"
"lcl|NC_001869.1_prot_NA.25",22.2553598261886,1.1555440160979,0.725787503452918,1.5921244311874,0.111356748591013,0.588158556439552,"Presentes","ASM680v1"
"lcl|NC_001869.1_prot_DAC79623.1",254.712709254021,0.130552837256912,0.426475700318613,0.306120224808536,0.759513109474651,0.971422095304485,"Presentes","ASM680v1"
"lcl|NC_001869.1_prot_DAC79627.1",2.31625187274287,-4.46341404355033,2.29910662560682,-1.94136887512656,0.0522135507747572,NA,"Presentes","ASM680v1"
"lcl|NC_001869.1_prot_DAC79626.1",34.7292452020052,0.959136134895519,0.616173493280098,1.55660077130179,0.119565300577433,0.60636688149984,"Presentes","ASM680v1"
"lcl|NC_001869.1_prot_DAC79628.1",3.48726291860909,-0.496771058226783,1.56076803806015,-0.318286283491691,0.750267787928726,NA,"Presentes","ASM680v1"
"lcl|NC_001869.1_prot_DAC79629.1",4.55874285158262,-1.17383131710894,1.50711536880695,-0.778859629066188,0.436062407445361,0.883381860735099,"Presentes","ASM680v1"
"lcl|NC_001869.1_prot_DAC79630.1",2463.67271723714,0.297664970342132,0.445179035072205,0.668641034036682,0.503724490277235,0.929521305697225,"Presentes","ASM680v1"
"lcl|NC_001869.1_prot_DAC79631.1",16.2724893623198,-1.34008452700502,0.813451160292782,-1.64740625180581,0.09947457120256,0.549320687640804,"Presentes","ASM680v1"
"lcl|NC_001869.1_prot_NA.26",308.455754669201,0.177532577135788,0.408630435442324,0.434457548282269,0.66395621562404,0.951935028116109,"Presentes","ASM680v1"
"lcl|NC_001869.1_prot_NA.27",44.6171387003498,-0.731414991240308,0.5908949151962,-1.23780891056991,0.215786923687107,0.736243256790565,"Presentes","ASM680v1"
"lcl|NC_001869.1_prot_DAC79633.1",9.28631823944913,1.50593361941607,1.01110046227702,1.48940058441342,0.136381914779339,0.633150518967641,"Presentes","ASM680v1"
"lcl|NC_002608.1_prot_DAC79793.1",0.429008581185913,-2.01269724118282,4.23597967011225,-0.475143272141691,0.634684857424927,NA,"Presentes","ASM680v1"
"lcl|NC_002608.1_prot_DAC79803.1",1.75081449057827,2.71478858979076,2.61189982741147,1.03939230796659,0.298622319957973,NA,"Presentes","ASM680v1"
"lcl|NC_002608.1_prot_NA.28",21.2163667311803,-0.425448346197194,0.762279422038222,-0.558126500463056,0.576758005798247,0.948538621730313,"Presentes","ASM680v1"
"lcl|NC_002608.1_prot_NA.29",4.31990282874798,-0.200934565321986,1.37883350010999,-0.145727939817214,0.884136164034828,0.992569633524893,"Presentes","ASM680v1"
"lcl|NC_002608.1_prot_NA.30",1.96781481291168,-0.358238997839843,1.99952415692932,-0.179162125447883,0.857810402007606,NA,"Presentes","ASM680v1"
"lcl|NC_002608.1_prot_DAC79804.1",2.50211472491681,-0.242976441042953,1.81520563831925,-0.133856151564146,0.893516324143942,NA,"Presentes","ASM680v1"
"lcl|NC_002608.1_prot_NA.31",16.0738843486635,0.190179435590034,0.816729045338638,0.232854992332469,0.815874008689384,0.98220546905248,"Presentes","ASM680v1"
"lcl|NC_002608.1_prot_DAC79805.1",2.83949969649149,1.23177387839531,1.71086677620092,0.71997065787351,0.471543061770585,NA,"Presentes","ASM680v1"
"lcl|NC_002608.1_prot_DAC79806.1",0.963308493191045,-1.24189588621733,2.96819999376273,-0.418400339878379,0.675654438112004,NA,"Presentes","ASM680v1"
"lcl|NC_002608.1_prot_NA.32",2.87023863216057,-2.03420451767042,1.88435716346929,-1.07952173669945,0.2803552091764,NA,"Presentes","ASM680v1"
"lcl|NC_002608.1_prot_DAC79807.1",1.73185489904031,-0.0354996356701118,2.25649419064855,-0.0157322078723848,0.987448032007045,NA,"Presentes","ASM680v1"
"lcl|NC_002608.1_prot_DAC79808.1",11.7038202128457,-0.813424298514824,0.93680425828535,-0.868296969533048,0.385231780749105,0.866335724128078,"Presentes","ASM680v1"
"lcl|NC_002608.1_prot_DAC79809.1",34.5411885981715,0.749546339270963,0.649126620269112,1.15469973941327,0.248213406284564,0.770370988489654,"Presentes","ASM680v1"
"lcl|NC_002608.1_prot_DAC79810.1",54.7900434985701,1.35871843555133,0.668262910014371,2.03320940783937,0.0420313709905396,0.382126671627405,"Presentes","ASM680v1"
"lcl|NC_002608.1_prot_DAC79812.1",6.05529527951999,-0.718762297522752,1.20400348887634,-0.596976922544927,0.550522788304669,0.939164161741717,"Presentes","ASM680v1"
"lcl|NC_002608.1_prot_DAC79813.1",16.0754729188913,1.10271550847404,0.908671507316064,1.2135469194265,0.224920787143858,0.743748556079178,"Presentes","ASM680v1"
"lcl|NC_002608.1_prot_DAC79814.1",1.07108139848315,-1.35733443916346,3.08108255500199,-0.440538159861993,0.659547380566902,NA,"Presentes","ASM680v1"
"lcl|NC_002608.1_prot_DAC79815.1",0.963308493191045,-1.24189588621733,2.96819999376273,-0.418400339878379,0.675654438112004,NA,"Presentes","ASM680v1"
"lcl|NC_002608.1_prot_DAC79816.1",2.05021046597085,1.25408001117929,1.97242172614051,0.635807238664513,0.524902068825712,NA,"Presentes","ASM680v1"
"lcl|NC_002608.1_prot_DAC79817.1",264.395002488579,0.189943421966399,0.436628738802836,0.435022720875388,0.663545935439471,0.951935028116109,"Presentes","ASM680v1"
"lcl|NC_002608.1_prot_DAC79818.1",62.2151381377528,0.291907573099829,0.528776844969027,0.552043032665184,0.58091887055254,0.948538621730313,"Presentes","ASM680v1"
"lcl|NC_002608.1_prot_DAC79819.1",1.68744824216324,1.09918526260423,2.28270879687762,0.481526712521433,0.630142199203526,NA,"Presentes","ASM680v1"
"lcl|NC_002608.1_prot_DAC79820.1",117.871491986842,0.0612562459024063,0.508219226024152,0.12053114633545,0.904062408281141,0.993617017361788,"Presentes","ASM680v1"
"lcl|NC_002608.1_prot_DAC79821.1",11.2545315868512,0.916966600058297,0.944543750670243,0.97080373398016,0.331646022831604,0.825073470718004,"Presentes","ASM680v1"
"lcl|NC_002608.1_prot_NA.33",0.686479474174302,-2.68058307010316,3.51459271527882,-0.762700912242261,0.445641786414412,NA,"Presentes","ASM680v1"
"lcl|NC_002608.1_prot_NA.34",11.1752749510333,0.521803261449871,0.943220045905723,0.55321477073657,0.580116353814063,0.948538621730313,"Presentes","ASM680v1"
"lcl|NC_002608.1_prot_DAC79823.1",81.0586397904746,1.66517038871942,1.32065732839053,1.26086483823078,0.207357548448108,0.730987916559999,"Presentes","ASM680v1"
"lcl|NC_002608.1_prot_DAC79824.1",29.4714689613693,0.760424816844823,0.773014432173352,0.983713608951474,0.325256346595897,0.819184481037978,"Presentes","ASM680v1"
"lcl|NC_002608.1_prot_NA.35",8.13055427633955,-0.655020997762302,1.05230301247035,-0.622464242713318,0.533636648953338,0.934961508330702,"Presentes","ASM680v1"
"lcl|NC_002608.1_prot_NA.36",2.96414915333906,2.59744229607986,1.84422504301186,1.40841938239701,0.159006923218164,NA,"Presentes","ASM680v1"
"lcl|NC_002608.1_prot_DAC79825.1",13.1728425354615,-0.275382774715288,0.873538030230529,-0.315249897755011,0.752571922608381,0.971422095304485,"Presentes","ASM680v1"
"lcl|NC_002608.1_prot_DAC79826.1",297.539080091173,1.57845804093731,0.483528638192889,3.26445615886692,0.00109674434660263,0.031447035015087,"Presentes","ASM680v1"
"lcl|NC_002608.1_prot_DAC79827.1",18.2189039077917,-1.21311247968444,0.796074700588124,-1.52386764557173,0.127541777169361,0.619429282604293,"Presentes","ASM680v1"
"lcl|NC_002608.1_prot_NA.37",11.950104959099,-1.66683052580708,0.939153802797269,-1.77482167547257,0.0759273361736466,0.509944406463545,"Presentes","ASM680v1"
"lcl|NC_002608.1_prot_NA.38",35.9773889451357,1.12937840508568,0.646979800636046,1.74561617530469,0.0808776696303814,0.514793676870322,"Presentes","ASM680v1"
"lcl|NC_002608.1_prot_DAC79828.1",34.0875263796819,-0.837267558932251,0.639279259944325,-1.30970549397327,0.190295484291154,0.706658732798103,"Presentes","ASM680v1"
"lcl|NC_002608.1_prot_DAC79829.1",4.49941783333313,2.81772690804633,1.58374171704738,1.77915810243321,0.0752138451812577,0.509470050468691,"Presentes","ASM680v1"
"lcl|NC_002608.1_prot_DAC79830.1",191.804254075602,1.4653263014208,0.599451898080258,2.44444350933494,0.0145075798578229,0.194872086198323,"Presentes","ASM680v1"
"lcl|NC_002608.1_prot_NA.39",6.32676261510058,0.255274835043994,1.19523615422423,0.213576902055545,0.830877013271338,0.982725881858807,"Presentes","ASM680v1"
"lcl|NC_002608.1_prot_DAC79831.1",1.07075267709894,-1.41952143774954,2.84637161601023,-0.498712617061326,0.617981854802602,NA,"Presentes","ASM680v1"
"lcl|NC_002608.1_prot_DAC79832.1",1.15420430741692,-0.11054499779125,2.6588311055488,-0.0415765399917843,0.966836275441104,NA,"Presentes","ASM680v1"
"lcl|NC_002608.1_prot_DAC79833.1",11.0215766317425,-0.778105079757035,0.943516610524633,-0.824686148688339,0.409549797542217,0.873660935451496,"Presentes","ASM680v1"
"lcl|NC_002608.1_prot_DAC79834.1",11.8477579826154,-0.236093506153386,0.90721304671807,-0.260240422034798,0.794678325833653,0.980037538310981,"Presentes","ASM680v1"
"lcl|NC_002608.1_prot_DAC79836.1",4.85602687245758,-0.510406423389775,1.34472819207492,-0.379561034265383,0.704271289990171,0.95287522084877,"Presentes","ASM680v1"
"lcl|NC_002608.1_prot_DAC79837.1",9.56662056482516,-1.04633435875685,1.01530306971683,-1.03056357255837,0.302745525887858,0.809395006511985,"Presentes","ASM680v1"
"lcl|NC_002608.1_prot_DAC79838.1",5.12024414752514,-2.34332369632098,1.49632994067505,-1.56604745559246,0.1173375077967,0.597099741040546,"Presentes","ASM680v1"
"lcl|NC_002608.1_prot_DAC79839.1",0.51494178597678,-2.25346808737322,4.30524478006322,-0.523423917220365,0.600679283893313,NA,"Presentes","ASM680v1"
"lcl|NC_002608.1_prot_DAC79840.1",2.65396556570177,-1.08099776481558,1.77308941475552,-0.609669064526357,0.542081051064811,NA,"Presentes","ASM680v1"
"lcl|NC_002608.1_prot_DAC79841.1",107.596519691861,-0.30187216947195,0.488235606124505,-0.618292000184373,0.536382874285735,0.93840788534662,"Presentes","ASM680v1"
"lcl|NC_002608.1_prot_DAC79842.1",5.13526765284102,-0.190236755169845,1.49503515621462,-0.127245673373673,0.898745957031269,0.993617017361788,"Presentes","ASM680v1"
"lcl|NC_002608.1_prot_DAC79843.1",18.0187801370138,-0.773441598073837,0.802866035882325,-0.963350750320193,0.33537153279285,0.826834017024631,"Presentes","ASM680v1"
"lcl|NC_002608.1_prot_DAC79844.1",8.71710410313079,-1.73174149819377,1.07814669245527,-1.60622066580761,0.108225434247209,0.584652617618077,"Presentes","ASM680v1"
"lcl|NC_002608.1_prot_DAC79845.1",19.3514259199873,0.772309042231442,0.8039719485998,0.960616901592771,0.336744827282513,0.827182019242461,"Presentes","ASM680v1"
"lcl|NC_002608.1_prot_NA.40",52.3425754460953,-0.078926132614733,0.548178573054445,-0.143978872021497,0.885517153472118,0.992569633524893,"Presentes","ASM680v1"
"lcl|NC_002608.1_prot_DAC79846.1",29.95734710849,-0.0705712225505737,0.73156837997302,-0.0964656544521187,0.923150750456032,0.99517334776946,"Presentes","ASM680v1"
"lcl|NC_002608.1_prot_DAC79847.1",176.262630652195,-0.522039307487643,0.503636582043422,-1.03653969171492,0.299950432139347,0.809395006511985,"Presentes","ASM680v1"
"lcl|NC_002608.1_prot_DAC79848.1",3.50877389772611,-0.510525630091682,1.52649192994982,-0.334443713769562,0.738044757708133,NA,"Presentes","ASM680v1"
"lcl|NC_002608.1_prot_DAC79849.1",6.45925532985718,-0.324809900526366,1.15954638323713,-0.280118074810933,0.779386917905233,0.974551066046789,"Presentes","ASM680v1"
"lcl|NC_002608.1_prot_DAC79850.1",13.8827213658296,0.941782344748307,0.851358198566032,1.10621163493178,0.26863492806622,0.794711662195901,"Presentes","ASM680v1"
"lcl|NC_002608.1_prot_DAC79851.1",59.2840754360771,-0.264103547997847,0.525089658630086,-0.502968481014976,0.614986432452723,0.948538621730313,"Presentes","ASM680v1"
"lcl|NC_002608.1_prot_DAC79852.1",0.705837600202655,-0.578545248937416,3.32693715483618,-0.173897258052025,0.861946207555871,NA,"Presentes","ASM680v1"
"lcl|NC_002608.1_prot_DAC79853.1",4.71026497098337,-1.6966870546583,1.52691368498921,-1.11118727360826,0.266487748001577,0.78992690312197,"Presentes","ASM680v1"
"lcl|NC_002608.1_prot_DAC79854.1",1.58569446307571,-2.1360064899726,2.48817794629438,-0.85846211005677,0.390637344082241,NA,"Presentes","ASM680v1"
"lcl|NC_002608.1_prot_DAC79855.1",0.343075376395046,-1.72854069172239,4.91544233952538,-0.351655165970127,0.725096887840141,NA,"Presentes","ASM680v1"
"lcl|NC_002608.1_prot_DAC79857.1",1.0904395245115,0.231275106552518,2.77052161283587,0.0834770988542432,0.933472186292375,NA,"Presentes","ASM680v1"
"lcl|NC_002608.1_prot_DAC79858.1",4.21212992345588,-0.169308729954686,1.40876591953523,-0.120182301123911,0.904338737803668,0.993617017361788,"Presentes","ASM680v1"
"lcl|NC_002608.1_prot_DAC79859.1",4.21533875380336,-1.01887184916041,1.55027474582921,-0.657220181068899,0.511039351026268,0.9302218543648,"Presentes","ASM680v1"
"lcl|NC_002608.1_prot_DAC79860.1",1.43318617952233,-0.627348539413329,2.47420603711643,-0.253555496188375,0.799838982051947,NA,"Presentes","ASM680v1"
"lcl|NC_002608.1_prot_DAC79861.1",2.07558771820378,-0.422157759288867,2.0087448668537,-0.210159969170248,0.833542821794055,NA,"Presentes","ASM680v1"
"lcl|NC_002608.1_prot_DAC79862.1",2.11966565369664,-1.44152068449362,2.00824380746414,-0.71780163301679,0.472879606333914,NA,"Presentes","ASM680v1"
"lcl|NC_002608.1_prot_DAC79863.1",1.53880623172576,0.356191847526098,2.23402056454811,0.159439824851454,0.873322364505647,NA,"Presentes","ASM680v1"
"lcl|NC_002608.1_prot_DAC79864.1",3.64232258974153,-2.45096826542379,1.74809433636475,-1.40208009055203,0.16089133163492,NA,"Presentes","ASM680v1"
"lcl|NC_002608.1_prot_DAC79865.1",5.98799294488287,-0.0948388999088823,1.19528539040455,-0.0793441471553366,0.936758892610966,0.996392393425882,"Presentes","ASM680v1"
"lcl|NC_002608.1_prot_DAC79866.1",25.0725859568512,0.204965514311908,0.681307274667532,0.300841517378378,0.763535347765904,0.971422095304485,"Presentes","ASM680v1"
"lcl|NC_002608.1_prot_DAC79867.1",583.237598881146,0.122429216503859,0.429170875050157,0.285269163452786,0.775437935731817,0.974551066046789,"Presentes","ASM680v1"
"lcl|NC_002608.1_prot_DAC79868.1",0.943621645778481,-3.17226096684442,3.10984254274337,-1.02007124902407,0.307694671133012,NA,"Presentes","ASM680v1"
"lcl|NC_002608.1_prot_DAC79869.1",18.3936504263367,-1.46245147263325,0.79547490949227,-1.83846335714937,0.0659941565710852,0.475349214722165,"Presentes","ASM680v1"
"lcl|NC_002608.1_prot_DAC79870.1",52.0873004588529,-0.488852809820782,0.565293870701724,-0.864776420119234,0.387161515691359,0.867463827245045,"Presentes","ASM680v1"
"lcl|NC_002608.1_prot_DAC79871.1",4.85989314557348,-1.25201292414499,1.35907311534348,-0.921225583826343,0.356932663792816,0.842067407777039,"Presentes","ASM680v1"
"lcl|NC_002608.1_prot_DAC79872.1",110.618739792617,-0.499164771509825,0.547593558385091,-0.911560707510718,0.362000014512166,0.845404938172095,"Presentes","ASM680v1"
"lcl|NC_002608.1_prot_DAC79873.1",8.22119172179815,-1.37949885923689,1.10420682522346,-1.24931201992682,0.211550973270673,0.730987916559999,"Presentes","ASM680v1"
"lcl|NC_002608.1_prot_DAC79874.1",8.28809552194488,-1.63692276336563,1.09545449885241,-1.49428640357081,0.135100777323328,0.633150518967641,"Presentes","ASM680v1"
"lcl|NC_002608.1_prot_DAC79875.1",17.7510133261786,-0.525717313443645,0.876990583401688,-0.59945605277138,0.548868807843619,0.939164161741717,"Presentes","ASM680v1"
"lcl|NC_002608.1_prot_DAC79876.1",237.873939416534,-1.35842300180774,0.47050456372059,-2.88716222232957,0.00388733747788475,0.0793975367058379,"Presentes","ASM680v1"
"lcl|NC_002608.1_prot_DAC79877.1",5.24168477402523,-0.714018185143441,1.29322801897403,-0.552120874793529,0.580865540810613,0.948538621730313,"Presentes","ASM680v1"
"lcl|NC_002608.1_prot_DAC79878.1",5.74014854293693,-2.04487917075617,1.40618660898705,-1.45420185179349,0.145890351762437,0.63889930902003,"Presentes","ASM680v1"
"lcl|NC_002608.1_prot_DAC79879.1",3.31258621317026,0.0157449247928625,1.65258632705698,0.00952744466965423,0.992398313997983,NA,"Presentes","ASM680v1"
"lcl|NC_002608.1_prot_DAC79880.1",58.7876099073511,-0.710574958872884,0.622980504067197,-1.14060545110773,0.25403414780646,0.774570377054052,"Presentes","ASM680v1"
"lcl|NC_002608.1_prot_DAC79881.1",1178.63519091583,1.63461431289495,0.535062276695802,3.05499823868966,0.00225061843840062,0.0500846580844078,"Presentes","ASM680v1"
"lcl|NC_002608.1_prot_DAC79882.1",35.1144923577486,-0.842375651627535,0.672850981397826,-1.25194980005458,0.210588156662047,0.730987916559999,"Presentes","ASM680v1"
"lcl|NC_002608.1_prot_DAC79883.1",98.0587642494094,2.05626222663904,0.641939837687737,3.2032008389535,0.00135909163351251,0.0368437386466756,"Presentes","ASM680v1"
"lcl|NC_002608.1_prot_DAC79884.1",12.098089526768,-1.50436094237013,0.943067420356451,-1.59517857355471,0.110672308723811,0.588158556439552,"Presentes","ASM680v1"
"lcl|NC_002608.1_prot_DAC79885.1",7.87060180887828,-0.387416796586618,1.07225695324588,-0.36130966128394,0.717867972201628,0.956515769930856,"Presentes","ASM680v1"
"lcl|NC_002608.1_prot_DAC79886.1",11.6838046440489,-0.969067723171065,0.955999358100549,-1.01366984711839,0.310740316627721,0.812984717710001,"Presentes","ASM680v1"
"lcl|NC_002608.1_prot_DAC79887.1",87.5027570180752,-0.355700594780658,0.490329228349121,-0.725432167236408,0.468186945010512,0.901176884198017,"Presentes","ASM680v1"
"lcl|NC_002608.1_prot_DAC79888.1",16.9941708836205,0.114075598901248,0.869060928161505,0.131263062467409,0.89556721079807,0.992569633524893,"Presentes","ASM680v1"
"lcl|NC_002608.1_prot_NA.41",11.4821156498446,0.0158159108968044,0.923772986261676,0.0171209930708282,0.986340091317638,0.996392393425882,"Presentes","ASM680v1"
"lcl|NC_002608.1_prot_DAC79889.1",1.64978796736535,-2.2442649923217,2.47961894806657,-0.905084627648784,0.365420555339216,NA,"Presentes","ASM680v1"
"lcl|NC_002608.1_prot_DAC79890.1",2.26079312760929,3.18228073871749,2.22583154233898,1.42970421533942,0.152801929917977,NA,"Presentes","ASM680v1"
"lcl|NC_002608.1_prot_DAC79891.1",0.556139612506366,0.304818480039736,3.95596152811352,0.0770529434812515,0.938581427311987,NA,"Presentes","ASM680v1"
"lcl|NC_002608.1_prot_NA.42",55.4853161983802,-0.844747556185885,0.594334572428764,-1.42133336234135,0.155219868962194,0.659352776702653,"Presentes","ASM680v1"
"lcl|NC_002608.1_prot_DAC79893.1",14.3005029017094,0.0987894606336965,0.873335294918658,0.113117448943705,0.909937441523801,0.993617017361788,"Presentes","ASM680v1"
"lcl|NC_002608.1_prot_DAC79894.1",905.538505089303,0.873287418851935,0.467225897391575,1.86909035592273,0.06161024454031,0.457019276664687,"Presentes","ASM680v1"
"lcl|NC_002608.1_prot_DAC79895.1",26.4966281310499,-0.203006838489585,0.696316394843394,-0.291543959029204,0.770635328815693,0.974551066046789,"Presentes","ASM680v1"
"lcl|NC_002608.1_prot_DAC79896.1",12.2993335201772,-0.488598013138925,0.913006949819304,-0.535152567278513,0.592544362554448,0.948538621730313,"Presentes","ASM680v1"
"lcl|NC_002608.1_prot_DAC79897.1",3.42637824466694,-1.57780849146208,1.62680175328278,-0.969883692513955,0.332104469480746,NA,"Presentes","ASM680v1"
"lcl|NC_002608.1_prot_DAC79898.1",55.1805332659617,0.375865480397355,0.569987303989812,0.659427811402749,0.509621087884426,0.9302218543648,"Presentes","ASM680v1"
"lcl|NC_002608.1_prot_DAC79899.1",23.8457429049508,-2.32482983438617,0.784592662398739,-2.9631042269481,0.00304553426674471,0.0648698798816623,"Presentes","ASM680v1"
"lcl|NC_002608.1_prot_DAC79900.1",6.12154163689829,-1.03752087869065,1.2073217371383,-0.859357408034306,0.390143360515877,0.867463827245045,"Presentes","ASM680v1"
"lcl|NC_002608.1_prot_DAC79901.1",6.09798851636982,-0.735559416146473,1.29292544848477,-0.568910927546907,0.569416589159432,0.948538621730313,"Presentes","ASM680v1"
"lcl|NC_002608.1_prot_DAC79902.1",8.09694079944097,-2.25410432292639,1.22949468738699,-1.83335832683992,0.0667493006616263,0.4784769581081,"Presentes","ASM680v1"
"lcl|NC_002608.1_prot_DAC79903.1",7.92540311124345,-2.21657436053216,1.23370341269532,-1.79668333387319,0.0723859062605049,0.497361226886695,"Presentes","ASM680v1"
"lcl|NC_002608.1_prot_DAC79904.1",2.0591097011387,-4.28283016037221,2.36687520811565,-1.80948710168033,0.0703753622044811,NA,"Presentes","ASM680v1"
"lcl|NC_002608.1_prot_DAC79906.1",6.01913041504234,-2.11263389862949,1.32671694742663,-1.59237726082211,0.111299962401461,0.588158556439552,"Presentes","ASM680v1"
"lcl|NC_002608.1_prot_DAC79907.1",5.82502577046898,-1.60694475364454,1.2805093412989,-1.25492622491493,0.209505542862909,0.730987916559999,"Presentes","ASM680v1"
"lcl|NC_002608.1_prot_DAC79908.1",11.8456051295268,-0.102850155217102,0.933991230772625,-0.110118973100016,0.912315021306698,0.993617017361788,"Presentes","ASM680v1"
"lcl|NC_002608.1_prot_DAC79909.1",206.905715035897,0.0330771235798397,0.523216445681286,0.0632188148000004,0.949592262702654,0.996392393425882,"Presentes","ASM680v1"
"lcl|NC_002608.1_prot_DAC79910.1",109.52522592425,-0.258783693761337,0.532251883339508,-0.486205313427264,0.626821604471393,0.948538621730313,"Presentes","ASM680v1"
"lcl|NC_002608.1_prot_DAC79911.1",5.19694939576395,-0.368315749404252,1.28651154025154,-0.286290280250607,0.774655801959794,0.974551066046789,"Presentes","ASM680v1"
"lcl|NC_002608.1_prot_DAC79912.1",8.65883506214011,-0.0385364652720157,1.02144088460103,-0.0377275531584658,0.969904907387265,0.996392393425882,"Presentes","ASM680v1"
"lcl|NC_002608.1_prot_DAC79913.1",19.0029655133548,0.144468081916899,0.750318025607416,0.192542464643504,0.84731730815072,0.989404227325353,"Presentes","ASM680v1"
"lcl|NC_002608.1_prot_DAC79914.1",6.21650813533559,0.521743964969525,1.243129418617,0.419702049646586,0.674703127597551,0.951935028116109,"Presentes","ASM680v1"
"lcl|NC_002608.1_prot_DAC79915.1",1.02988357195356,-3.25547937814011,3.30340897761002,-0.985490867223898,0.324383015261585,NA,"Presentes","ASM680v1"
"lcl|NC_002608.1_prot_DAC79916.1",9.33250812945961,0.781494950864258,1.04987810601651,0.744367318820888,0.456654284814709,0.893532202964214,"Presentes","ASM680v1"
"lcl|NC_002608.1_prot_DAC79917.1",2.90005564904943,2.76043831331963,1.91427662737052,1.44202685957223,0.149294796519445,NA,"Presentes","ASM680v1"
"lcl|NC_002608.1_prot_DAC79918.1",17.9339960693893,0.0165561145389959,0.819413150576734,0.0202048435851232,0.98387996405316,0.996392393425882,"Presentes","ASM680v1"
"lcl|NC_002608.1_prot_DAC79919.1",13.768949040189,-1.60479364511043,0.907493158738568,-1.76838098409592,0.0769972334054949,0.509962782475773,"Presentes","ASM680v1"
"lcl|NC_002608.1_prot_DAC79920.1",11.7635846641566,-2.5515019346445,1.03445468507356,-2.46651880595723,0.013643356398697,0.191907965947709,"Presentes","ASM680v1"
"lcl|NC_002608.1_prot_NA.43",15.4513643203003,-0.880050492244045,0.829313424432365,-1.06117960510094,0.288608286142617,0.808802643909797,"Presentes","ASM680v1"
"lcl|NC_002608.1_prot_NA.44",0.918573114929764,0.667363673375128,2.9385603179232,0.227105657591804,0.82034158486435,NA,"Presentes","ASM680v1"
"lcl|NC_002608.1_prot_NA.45",0.470206407715499,0.562163052065183,4.19591162539217,0.13397876367633,0.893419367150175,NA,"Presentes","ASM680v1"
"lcl|NC_002608.1_prot_NA.46",18.746439885948,0.0805612671646774,0.848324759043173,0.094965125449766,0.924342527551408,0.99517334776946,"Presentes","ASM680v1"
"lcl|NC_002608.1_prot_DAC79921.1",11.5246339296447,-2.0215807605355,0.997196138034272,-2.02726493157159,0.0426353258566942,0.385268308195946,"Presentes","ASM680v1"
"lcl|NC_002608.1_prot_DAC79922.1",13.4940782113553,-0.347908155726479,0.880903904461693,-0.394944504121684,0.692883844690999,0.95287522084877,"Presentes","ASM680v1"
"lcl|NC_002608.1_prot_DAC79923.1",20.8438439578516,-0.842746979245423,0.726673297746995,-1.15973296646279,0.246157543717526,0.767836129318406,"Presentes","ASM680v1"
"lcl|NC_002608.1_prot_NA.47",9.19386223001984,-0.239168482196982,1.04558402313119,-0.22874152330747,0.81906981933707,0.98220546905248,"Presentes","ASM680v1"
"lcl|NC_002608.1_prot_NA.48",64.1778698813623,-0.210036560392534,0.538339336668244,-0.390156442388996,0.696420868293106,0.95287522084877,"Presentes","ASM680v1"
"lcl|NC_002608.1_prot_DAC79924.1",174.475236514043,0.433111170427213,0.465623074549199,0.930175487644245,0.352280231230396,0.841197622815126,"Presentes","ASM680v1"
"lcl|NC_002608.1_prot_DAC79925.1",8.5678688952973,0.59795766121634,1.0299832926929,0.580550835589744,0.56154321572129,0.947209216506996,"Presentes","ASM680v1"
"lcl|NC_002608.1_prot_DAC79926.1",793.713723790302,0.365107905751079,0.486181304111545,0.750970682466456,0.452670299947377,0.891618385431072,"Presentes","ASM680v1"
"lcl|NC_002608.1_prot_NA.49",56.0528903687228,0.65468592065952,0.583695798530377,1.12162178022847,0.262023287006386,0.781353441853042,"Presentes","ASM680v1"
"lcl|NC_002608.1_prot_DAC79927.1",41.1157080230443,-0.0321180420370931,0.579969323658496,-0.0553788635483163,0.955836634437504,0.996392393425882,"Presentes","ASM680v1"
"lcl|NC_002608.1_prot_DAC79928.1",1.07108139848315,-1.35733443916346,3.08108255500199,-0.440538159861993,0.659547380566902,NA,"Presentes","ASM680v1"
"lcl|NC_002608.1_prot_DAC79929.1",3.93562962582335,-0.360534774864413,1.46757728559492,-0.245666636028821,0.805940301383311,0.98220546905248,"Presentes","ASM680v1"
"lcl|NC_002608.1_prot_NA.50",8.4883533512014,-0.19783185897845,1.06733710887267,-0.185350867438125,0.85295384271496,0.989691968473156,"Presentes","ASM680v1"
"lcl|NC_002608.1_prot_DAC79930.1",6.91834540394375,-1.94913399745469,1.21900985563119,-1.59894851419839,0.109832043050193,0.588158556439552,"Presentes","ASM680v1"
"lcl|NC_002608.1_prot_DAC79931.1",61.0439484938916,-1.06975962787226,0.537507722549665,-1.99022187587903,0.0465664995359038,0.396746576045901,"Presentes","ASM680v1"
"lcl|NC_002608.1_prot_DAC79932.1",2.05341929631833,-0.498054785774221,1.95252000614796,-0.25508306404338,0.798658944523623,NA,"Presentes","ASM680v1"
"lcl|NC_002608.1_prot_NA.51",149.635465247798,0.436248902289332,0.522474205000134,0.834967349802886,0.4037360920137,0.86979174429525,"Presentes","ASM680v1"
"lcl|NC_002608.1_prot_DAC79933.1",59.65852963914,-0.160826808165184,0.580472120400345,-0.277062071567303,0.781732444662615,0.974551066046789,"Presentes","ASM680v1"
"lcl|NC_002608.1_prot_NA.52",34.5355643655119,-0.817744496856955,0.639696199980383,-1.27833258487706,0.201132183208367,0.726656662468548,"Presentes","ASM680v1"
"lcl|NC_002608.1_prot_DAC79935.1",14.2428876625418,-7.06879664427861,1.65213855212196,-4.27857375230404,1.8809466759035e-05,0.00133547213989148,"Presentes","ASM680v1"
"lcl|NC_002608.1_prot_NA.53",15.8716738969577,-7.23243358568308,1.63601084773927,-4.42077361264276,9.83481683872185e-06,0.000862571288619664,"Presentes","ASM680v1"
"lcl|NC_002608.1_prot_NA.54",31.3186125907243,-8.20403731387465,1.5807547897125,-5.18994936296651,2.10351276597969e-07,5.22722922345954e-05,"Presentes","ASM680v1"
"lcl|NC_002608.1_prot_NA.55",3.60360633768482,-5.08559818612775,2.0404414237067,-2.49240097120219,0.0126882707115727,NA,"Presentes","ASM680v1"
"lcl|NC_002608.1_prot_NA.56",106.388868591959,-9.9735475901481,1.51884702071371,-6.56652543286518,5.15028543402564e-11,2.55969186071074e-08,"Presentes","ASM680v1"
"lcl|NC_002608.1_prot_NA.57",4.88997463847414,-5.53879572079213,1.91812493774093,-2.8876094626638,0.0038818151122948,0.0793975367058379,"Presentes","ASM680v1"
"lcl|NC_002608.1_prot_DAC79936.1",2.0591097011387,-4.28283016037221,2.36687520811565,-1.80948710168033,0.0703753622044811,NA,"Deletados","ASM680v1"
"lcl|NC_002608.1_prot_NA.58",25.9963421572221,-7.9408326690793,1.58187719844053,-5.01987934139745,5.17039458098531e-07,0.000110129404574987,"Presentes","ASM680v1"
"lcl|NC_002608.1_prot_DAC79937.1",6.60568024183358,-5.97338127753723,1.82191076719716,-3.27863547715166,0.00104310281385119,0.0304954175578849,"Deletados","ASM680v1"
"lcl|NC_002608.1_prot_DAC79938.1",18.7054973267511,-7.45869249469744,1.62820067280816,-4.58094178393467,4.62886693555813e-06,0.000622650927798819,"Deletados","ASM680v1"
"lcl|NC_002608.1_prot_DAC79939.1",6.09172462000943,-5.84459301763193,1.83581162989372,-3.18365616736521,0.00145427642845066,0.0372266479721411,"Deletados","ASM680v1"
"lcl|NC_002608.1_prot_DAC79940.1",13.4701462621924,-6.9916385805309,1.6572800190516,-4.2187430610139,2.4566803809025e-05,0.00146516417917025,"Deletados","ASM680v1"
"lcl|NC_002608.1_prot_DAC79941.1",15.5469704824384,-5.74268780143058,1.63467795563872,-3.51303923908775,0.00044301204661857,0.0150120673070065,"Deletados","ASM680v1"
"lcl|NC_002608.1_prot_DAC79942.1",2.83152238010387,-4.73341155794355,2.17158030919031,-2.17970826955437,0.0292790931881503,NA,"Deletados","ASM680v1"
"lcl|NC_002608.1_prot_DAC79943.1",18.1889119338532,-7.42532713769726,1.61701784154018,-4.59198837943853,4.39042820512887e-06,0.000622650927798819,"Deletados","ASM680v1"
"lcl|NC_002608.1_prot_DAC79944.1",7.55028805176469,-6.15458774792234,1.7748544897877,-3.46765764930878,0.000525015684871872,0.0163082997113325,"Deletados","ASM680v1"
"lcl|NC_002608.1_prot_DAC79945.1",1.97317649634783,-4.22852941691226,2.40294016930276,-1.75973146186957,0.0784533487069334,NA,"Deletados","ASM680v1"
"lcl|NC_002608.1_prot_NA.59",0.600546269383435,-2.510124945819,3.68533389445088,-0.681111947440792,0.495800657820024,NA,"Presentes","ASM680v1"
"lcl|NC_002608.1_prot_DAC79946.1",6.43479999640448,-5.92547168608562,1.81827230260888,-3.25884724613782,0.00111865882511461,0.0314701944952052,"Deletados","ASM680v1"
"lcl|NC_002608.1_prot_DAC79947.1",0.857688440987614,-3.04669120837954,3.50010609431406,-0.870456816531619,0.384050808671394,NA,"Deletados","ASM680v1"
"lcl|NC_002608.1_prot_DAC79948.1",5.23403617902182,-5.62003823075094,1.89421762149351,-2.96694432940592,0.00300775413774828,0.0648698798816623,"Deletados","ASM680v1"
"lcl|NC_002608.1_prot_DAC79949.1",16.9861757881653,-7.33374770291324,1.63552072942768,-4.48404448256644,7.32413838099308e-06,0.000682518145378793,"Deletados","ASM680v1"
"lcl|NC_002608.1_prot_DAC79950.1",4.20415260706826,-5.3093367774567,1.97041934688496,-2.69452123775086,0.00704898342631632,0.11677815876264,"Deletados","ASM680v1"
"lcl|NC_002608.1_prot_DAC79951.1",2.14471418454535,-4.35077446776776,2.34712330190453,-1.85366250858547,0.0637874586418222,NA,"Deletados","ASM680v1"
"lcl|NC_002608.1_prot_DAC79952.1",0.600546269383435,-2.510124945819,3.68533389445088,-0.681111947440792,0.495800657820024,NA,"Deletados","ASM680v1"
"lcl|NC_002608.1_prot_NA.60",5.74864924361439,-5.75890531839117,1.85635247706819,-3.10226931012931,0.00192043161828701,0.0461832829494506,"Presentes","ASM680v1"
"lcl|NC_002608.1_prot_NA.61",37.9661481018558,-7.0271252241209,1.54944516969585,-4.53525259335268,5.75345862156934e-06,0.000622650927798819,"Presentes","ASM680v1"
"lcl|NC_002608.1_prot_DAC79953.1",20.9364734374715,-7.62142565216614,1.61692975483701,-4.7135168546233,2.43477575597707e-06,0.0004301057011782,"Deletados","ASM680v1"
"lcl|NC_002608.1_prot_DAC79954.1",5.2333787362534,-5.63216455057494,1.88660257546446,-2.98534764227615,0.00283256204665172,0.0621080884052605,"Deletados","ASM680v1"
"lcl|NC_002608.1_prot_DAC79956.1",1.20142126015108,-3.48190405745818,2.88985886762752,-1.20486993204506,0.22825351778853,NA,"Deletados","ASM680v1"
"lcl|NC_002608.1_prot_DAC79957.1",14.4137679079709,-7.09019488723729,1.6470945845353,-4.30466771842231,1.67236555339944e-05,0.00130064762450363,"Deletados","ASM680v1"
"lcl|NC_002608.1_prot_DAC79958.1",4.5472279834633,-5.42519781048488,1.93739421988774,-2.80025497897854,0.00510622555396677,0.0976074653969802,"Deletados","ASM680v1"
"lcl|NC_002608.1_prot_DAC79959.1",3.1742690351147,-4.91336674538049,2.10570371107684,-2.33336091850635,0.0196292106331525,NA,"Deletados","ASM680v1"
"lcl|NC_002608.1_prot_DAC79960.1",8.23643880455479,-6.28283857493734,1.75227853521174,-3.58552504563901,0.00033640071467928,0.0116644991996932,"Deletados","ASM680v1"
"lcl|NC_002608.1_prot_DAC79961.1",0.51494178597678,-2.25346808737322,4.30524478006322,-0.523423917220365,0.600679283893313,NA,"Deletados","ASM680v1"
"lcl|NC_002608.1_prot_NA.62",0.772412678965169,-2.83951194880026,3.66953040533964,-0.773807990436163,0.43904434657837,NA,"Presentes","ASM680v1"
"lcl|NC_002608.1_prot_DAC79962.1",2.40218507753374,-4.50987649688825,2.26534613370198,-1.99081121855683,0.0465016455457231,NA,"Deletados","ASM680v1"
"lcl|NC_002608.1_prot_DAC79963.1",4.46129477867244,-5.40073670119199,1.94572565032278,-2.77569281172608,0.005508422662524,0.101395780121275,"Deletados","ASM680v1"
"lcl|NC_002608.1_prot_DAC79964.1",0.343075376395046,-1.72854069172239,4.91544233952538,-0.351655165970127,0.725096887840141,NA,"Deletados","ASM680v1"
"lcl|NC_002608.1_prot_DAC79965.1",9.52445071226516,-6.4826423664224,1.73607008817589,-3.73409023666423,0.000188394944123293,0.00685114296799585,"Deletados","ASM680v1"
"lcl|NC_002608.1_prot_DAC79966.1",1.63010111995278,-3.94754439317458,2.54703943793872,-1.54985601493838,0.121176078867392,NA,"Deletados","ASM680v1"
"lcl|NC_002608.1_prot_DAC79967.1",6.09172462000943,-5.84459301763193,1.83581162989372,-3.18365616736521,0.00145427642845066,0.0372266479721411,"Deletados","ASM680v1"
"lcl|NC_002608.1_prot_DAC79969.1",4.20382388568405,-5.31707803281556,1.9719677182908,-2.69633117393226,0.00701079260711393,0.11677815876264,"Deletados","ASM680v1"
"lcl|NC_002608.1_prot_DAC79970.1",4.11821940227739,-5.28283559093784,1.9780836030005,-2.6706836773352,0.00756969441135029,0.121359294272293,"Deletados","ASM680v1"
"SC_03883_gene SC_p1",0.815733020536997,-3.0454593627073,3.76464718166483,-0.808962756865973,0.418536568966818,NA,"Presentes","TK"
"SC_03884_gene SC_p1",1.13632926026446,-3.54687413757043,3.01582599827434,-1.17608712823616,0.23956006098478,NA,"Deletados","TK"
"SC_03896_gene SC_p1",1.25942308446754,-3.70839022766978,2.94267648685882,-1.26020996335494,0.20759362959215,NA,"Presentes","TK"
"SC_03903_gene SC_p1",0.815733020536997,-3.0454593627073,3.76464718166483,-0.808962756865973,0.418536568966818,NA,"Presentes","TK"
"SC_03955_gene SC_p1",1.30913424909998,0.833128802809408,2.68684723324827,0.31007672952146,0.756502607877471,NA,"Presentes","TK"
"SC_03966_gene SC_p1",2.080891079282,0.882033348713874,2.04254636854405,0.431830269460466,0.665864777917812,NA,"Presentes","TK"
"SC_03970_gene SC_p1",1.59175052285465,-1.02548765561811,2.32630272866768,-0.440822960391499,0.659341169960986,NA,"Presentes","TK"
"SC_03976_gene SC_p1",1.45466453887173,1.34847003959514,2.52573577345088,0.533891966756581,0.593416280276668,NA,"Presentes","TK"
"SC_03980_gene SC_p1",3.71559186074098,-2.60533472004062,1.7739091123947,-1.46869684688836,0.141915033088943,NA,"Presentes","TK"
"SC_03996_gene SC_p1",2.64341429527998,-0.033111946963842,1.79388647433426,-0.0184582176395139,0.985273309375056,NA,"Presentes","TK"
"SC_03998_gene SC_p1",326.2546304596,-0.0611376833436108,0.46503631932223,-0.131468620413813,0.895404608370729,0.960795623705565,"Presentes","TK"
"SC_03999_gene SC_p1",3.78076948729508,0.439956892419211,1.74238319885442,0.252502946945582,0.800652336558258,NA,"Presentes","TK"
"SC_04001_gene SC_p1",0.477409357767688,0.305386883735129,4.36591760395391,0.0699479265157366,0.944235106674055,NA,"Presentes","TK"
"SC_04002_gene SC_p1",1.16676166123077,-0.402419923926702,2.76259221571719,-0.145667508087954,0.88418387250814,NA,"Presentes","TK"
"SC_04003_gene SC_p1",52.0325367872319,1.27789257905452,0.631949083633571,2.02214484069969,0.0431613907419842,0.263433315907973,"Presentes","TK"
"SC_04004_gene SC_p1",13.5471379536668,0.58575048473603,0.894446791884297,0.654874599641698,0.512548495236719,0.814762630828271,"Presentes","TK"
"SC_04005_gene SC_p1",2.75851218408542,-0.75203396790075,1.80834294283528,-0.415869108722069,0.67750578522846,NA,"Presentes","TK"
"SC_04007_gene SC_p1",11.5979361726775,-2.18948674155344,1.04947380362156,-2.08627098075044,0.0369540837646817,NA,"Presentes","TK"
"SC_04008_gene SC_p1",3.65291446807935,-1.30669242813141,1.61258547393135,-0.810308941296493,0.41776263772151,NA,"Presentes","TK"
"SC_04011_gene SC_p2",2.74025935216994,0.367905367672906,1.82063966690202,0.202074784132837,0.839858260552189,NA,"Presentes","TK"
"SC_04013_gene SC_p2",4.10407505853391,-0.696618871012366,1.49048187283043,-0.467378291350489,0.64022925134983,NA,"Presentes","TK"
"SC_04015_gene SC_p2",0.894850654385101,0.307458505858216,3.31690276057533,0.0926944586717054,0.926146299397769,NA,"Presentes","TK"
"SC_04017_gene SC_p2",2.27265852052891,-4.54684933799602,2.38879909195942,-1.90340382885296,0.0569878718080069,NA,"Presentes","TK"
"SC_04018_gene SC_p2",0.559813884486625,2.70606943357398,4.36953908101829,0.619303176696466,0.535716652125594,NA,"Presentes","TK"
"SC_04035_gene SC_p2",0.39500483104875,-2.0450108052717,4.90988225288314,-0.416509134016573,0.677037484983578,NA,"Presentes","TK"
"SC_04054_gene SC_p2",12.0777936118518,-1.06631987879233,1.02386899097845,-1.04146124962073,0.297661528674692,NA,"Presentes","TK"
"SC_04062_gene SC_p2",1.43867266807643,-0.877694493989302,2.53060995509804,-0.346831202580684,0.728718134201404,NA,"Presentes","TK"
"SC_04116_gene SC_p2",26.7343905424456,2.49126393562626,0.766224699848587,3.25134903132013,0.00114858757122235,0.0242023809650424,"Presentes","TK"
"SC_04117_gene SC_p2",0.793744925359507,-1.02407408013303,3.56871508758567,-0.286958766670793,0.774143892432962,NA,"Presentes","TK"
"SC_04119_gene SC_p2",0.674911773292062,-0.571551237394367,3.77939493875158,-0.151228238026684,0.87979567573259,NA,"Presentes","TK"
"SC_04121_gene SC_p2",6.21618519776058,-2.32657339817031,1.3803313601753,-1.68551803233307,0.0918886687371308,NA,"Presentes","TK"
"SC_04131_gene SC_p2",11.798964753845,-0.397067542807465,0.964169819866788,-0.411823243816453,0.680468983262146,NA,"Presentes","TK"
"SC_04132_gene SC_p2",6.1254464470568,0.250482496790987,1.30152756358164,0.192452702347456,0.847387613367855,NA,"Presentes","TK"
"SC_04133_gene SC_p2",9.83922571706877,0.265994798581538,1.0729463558579,0.247910622119458,0.804203561152182,NA,"Presentes","TK"
"SC_04134_gene SC_p2",0.39500483104875,-2.0450108052717,4.90988225288314,-0.416509134016573,0.677037484983578,NA,"Presentes","TK"
"SC_04135_gene SC_p2",11.2432053120433,-0.128416866336355,1.05090370695935,-0.122196606107625,0.902743314247229,NA,"Presentes","TK"
"SC_04136_gene SC_p2",65.8078376831806,-0.501994200034693,0.558293212759881,-0.899158701129684,0.368568134621501,0.731351567578539,"Presentes","TK"
"SC_04137_gene SC_p2",9.81497666077109,1.08845062673923,1.07134416312608,1.01596729062604,0.309644962980762,NA,"Presentes","TK"
"SC_04138_gene SC_p2",88.435570117885,0.0354445022902709,0.53104229894621,0.0667451582681948,0.946784583342932,0.974257195348655,"Presentes","TK"
"SC_04139_gene SC_p2",2.31908279229052,-0.277517763708423,1.93692681142789,-0.143277361886399,0.88607113395489,NA,"Presentes","TK"
"SC_04140_gene SC_p2",10.9666623011532,-0.711477737455339,0.989719466652615,-0.718868084773221,0.472222202534189,NA,"Presentes","TK"
"SC_04141_gene SC_p2",2.53057736759473,-1.92569558460766,1.96318981710318,-0.980901371752813,0.326641380966548,NA,"Presentes","TK"
"SC_04142_gene SC_p2",13.6024740107728,0.0720487908815808,0.923653920427873,0.078004097950675,0.937824793234186,0.972546251993925,"Presentes","TK"
"SC_04143_gene SC_p2",46.6968966004939,0.368343151468421,0.615672584804693,0.598277656922582,0.549654682412193,0.830339608256131,"Presentes","TK"
"SC_04144_gene SC_p2",32.6137263795787,1.78090954447843,0.678419306060484,2.62508676944941,0.00866268883701998,0.0924476567551974,"Presentes","TK"
"SC_04145_gene SC_p2",9.18921759991632,-0.740091790193527,1.05920148676024,-0.698726162533281,0.484723180532999,NA,"Presentes","TK"
"SC_04146_gene SC_p2",56.6470278872185,-0.388821323881335,0.62119404046871,-0.625925714915033,0.531363666904585,0.824907106289681,"Presentes","TK"
"SC_04147_gene SC_p2",1.49064479382906,-2.15346384581024,2.64199964225719,-0.815088621272649,0.415021584419603,NA,"Deletados","TK"
"SC_04148_gene SC_p2",1.54306528997286,-0.909623939788539,2.36991333142459,-0.383821605510675,0.701110673451362,NA,"Presentes","TK"
"SC_04149_gene SC_p2",5.78622604350514,-0.251134000208517,1.26626439017884,-0.198326670288065,0.842789486238709,NA,"Presentes","TK"
"SC_04150_gene SC_p2",6.82834253990855,-0.740841272261807,1.28517047327432,-0.576453698297561,0.564308557548985,NA,"Presentes","TK"
"SC_04151_gene SC_p2",66.496494300305,0.290974376509532,0.595609700199133,0.488531963821693,0.625173090902248,0.869324412321516,"Presentes","TK"
"SC_04152_gene SC_p2",21.3452842573197,-0.884152989451503,0.790690409004993,-1.11820376139901,0.263479978199351,0.631671326177759,"Presentes","TK"
"SC_04153_gene SC_p2",3.51201618235195,0.489717400012266,1.67175029336352,0.292936930806195,0.769570359732807,NA,"Presentes","TK"
"SC_04155_gene SC_p2",1.58748985071901,-1.06681248282178,2.6820452595235,-0.397760805502333,0.690806511165825,NA,"Presentes","TK"
"SC_04156_gene SC_p2",1.69659151514225,0.623048395858425,2.22211280965274,0.280385583104483,0.779181696654179,NA,"Presentes","TK"
"SC_04157_gene SC_p2",3.17324414919147,0.454346716952486,1.6541231534511,0.274675265867934,0.783565735477452,NA,"Presentes","TK"
"SC_04158_gene SC_p2",8.67511545803123,-2.17354575578346,1.16585340496675,-1.86433881526079,0.0622741392100349,NA,"Presentes","TK"
"SC_04159_gene SC_p2",1.03993257376568,-1.62917462082687,3.21434885407033,-0.506844370287887,0.612264020981292,NA,"Presentes","TK"
"SC_04160_gene SC_p2",37.7266029017594,-0.850119629831237,0.729499147951184,-1.16534698117033,0.24387856910304,0.615431277359876,"Presentes","TK"
"SC_04161_gene SC_p2",1.93807012102161,-1.40563549549511,2.14597061777385,-0.655011528980424,0.512460331259748,NA,"Presentes","TK"
"SC_04162_gene SC_p2",20.6271389574901,-0.0516669668670628,0.813943268982556,-0.0634773562678975,0.949386389953969,0.974257195348655,"Presentes","TK"
"SC_04163_gene SC_p2",20.837346350939,0.129528546524629,0.793688391604356,0.163198237362148,0.870362353984267,0.955670822923172,"Presentes","TK"
"SC_04165_gene SC_p2",1.11434116508697,-1.74030673616466,2.92038042109065,-0.59591782070458,0.551230127551814,NA,"Presentes","TK"
"SC_04167_gene SC_p2",35.3375204499199,-3.46954965043148,0.803029942414746,-4.32057320303448,1.55624417774022e-05,0.00114773008108341,"Presentes","TK"
"SC_04168_gene SC_p2",2.72381911098347,-2.10384806223025,2.0244801612183,-1.03920408929282,0.298709829052017,NA,"Presentes","TK"
"SC_04169_gene SC_p2",12.2345296914096,-0.580994675073226,0.96648754910177,-0.601140361935535,0.547746502299481,NA,"Presentes","TK"
"SC_04170_gene SC_p2",21.1125251414911,1.01141944121187,0.881256373485953,1.14770170366092,0.251091727645104,0.625018910198408,"Presentes","TK"
"SC_04171_gene SC_p2",0.559813884486625,2.70606943357398,4.36953908101829,0.619303176696466,0.535716652125594,NA,"Presentes","TK"
"SC_04172_gene SC_p2",10.4495374251662,-0.466669102561686,1.03322317440395,-0.451663410309102,0.651511481383939,NA,"Presentes","TK"
"SC_04173_gene SC_p2",0.469413422370041,-2.26590906134613,4.28909674121972,-0.528295162841619,0.597294488420541,NA,"Presentes","TK"
"SC_04174_gene SC_p2",11.9022022530225,-0.783199509792331,0.989637919043767,-0.79140006129625,0.4287105742256,NA,"Presentes","TK"
"SC_04175_gene SC_p2",18.2615247202982,-0.135410916099453,0.803959403168477,-0.168430042071511,0.866244975539499,0.955670822923172,"Presentes","TK"
"SC_04176_gene SC_p2",30.8034202646371,-0.437123449590747,0.678737605767182,-0.644024208879163,0.519559735694941,0.818857251361101,"Presentes","TK"
"SC_04177_gene SC_p2",37.6707935882657,-0.524892231931486,0.647561478251562,-0.810567412608782,0.417614137219727,0.774818682263015,"Presentes","TK"
"SC_04178_gene SC_p2",12.0692722675805,-1.08081981608777,0.980653452489148,-1.10214246770291,0.270399739211308,NA,"Presentes","TK"
"SC_04179_gene SC_p2",6.61511241235777,0.495898873311488,1.25564085455751,0.394936873479037,0.692889476280006,NA,"Presentes","TK"
"SC_04181_gene SC_p2",4.36425486671992,-1.68713588743182,1.52440308306188,-1.10675182055068,0.268401243882308,NA,"Presentes","TK"
"SC_04182_gene SC_p2",19.2362547815131,-0.286522134575914,0.793666526547323,-0.361010733087569,0.718091423547551,0.903856865460077,"Presentes","TK"
"SC_04183_gene SC_p2",134.316060590661,0.913570658998084,0.566931218069052,1.61143121049088,0.107085769211929,0.444410100565982,"Presentes","TK"
"SC_04184_gene SC_p2",35.8415609728985,-0.71928245464013,0.662347140476886,-1.08595993050148,0.277496720289828,0.649694702265867,"Presentes","TK"
"SC_04185_gene SC_p2",6.61040336983096,0.0858565477878685,1.19509064744694,0.0718410339594598,0.942728416790993,NA,"Presentes","TK"
"SC_04187_gene SC_p2",0.727332269435863,1.24792551515358,3.41417180107562,0.365513391786676,0.714728212133805,NA,"Presentes","TK"
"SC_04188_gene SC_p2",25.4214051309513,-0.591805990422459,0.784673113876978,-0.754207044890853,0.450724908043385,0.788627779399007,"Presentes","TK"
"SC_04191_gene SC_p2",6.07831255479928,0.888977563907793,1.25812176922359,0.706591035664532,0.479820661336887,NA,"Presentes","TK"
"SC_04192_gene SC_p2",17.148322436934,0.722901121952786,0.934311313749349,0.773726178110609,0.439092735882889,0.780440220706119,"Presentes","TK"
"SC_04193_gene SC_p2",2.19225370482543,-0.815515398356054,2.17946524594106,-0.374181418985613,0.708269347075033,NA,"Presentes","TK"
"SC_04194_gene SC_p2",23.2576640632234,0.114533825569459,0.737017125542793,0.155401851056185,0.876504524962417,0.957392585116898,"Presentes","TK"
"SC_04195_gene SC_p2",31.6448575344493,0.129741834633622,0.731284371861032,0.177416391797686,0.859181332761748,0.955670822923172,"Presentes","TK"
"SC_04196_gene SC_p2",69.8518463070705,1.74761903197813,0.600110017423671,2.91216440525493,0.00358933662890093,0.0528546900851629,"Presentes","TK"
"SC_04198_gene SC_p2",40.2557471678588,0.279460862503333,0.657991210883587,0.424718230093162,0.671042092717326,0.887244701595543,"Presentes","TK"
"SC_04199_gene SC_p2",17.7810897197644,-0.791758275361355,0.831059821663904,-0.952709124809016,0.340737468791859,0.695628983271724,"Presentes","TK"
"SC_04200_gene SC_p2",4.07364265756759,-1.50677382905976,1.53685361561812,-0.980427682732643,0.326875050582557,NA,"Presentes","TK"
"SC_04201_gene SC_p2",103.872670480555,-0.230947585608697,0.538790752493729,-0.428640589207932,0.668184802350689,0.887244701595543,"Presentes","TK"
"SC_04202_gene SC_p2",43.684263896434,-1.59235407040915,0.663777953938904,-2.39892581692418,0.0164432455609829,0.149748726362933,"Deletados","TK"
"SC_04203_gene SC_p2",1.26315834772955,-1.93412817418051,2.82099413072212,-0.685619354225813,0.492953173568521,NA,"Presentes","TK"
"SC_04204_gene SC_p2",4.72701470607334,-0.371906576754945,1.41132131491828,-0.26351658748701,0.792152440258093,NA,"Presentes","TK"
"SC_04205_gene SC_p2",13.8759143404142,0.024516827896311,0.929291398811383,0.026382282164313,0.97895242601629,0.989010156420567,"Deletados","TK"
"SC_04207_gene SC_p2",7.03384089083057,-0.570651129687978,1.22118305892947,-0.467293683379647,0.640289775088619,NA,"Presentes","TK"
"SC_04208_gene SC_p2",101.207270844116,-1.48349895141143,0.541133531456691,-2.74146558136577,0.00611657686347497,0.0741530208791144,"Presentes","TK"
"SC_04209_gene SC_p2",1.49109316422023,0.0580177019507865,2.50766142082464,0.023136178380775,0.981541647228327,NA,"Presentes","TK"
"SC_04210_gene SC_p2",7.390942794389,-1.62691975858687,1.2300745280787,-1.32261885068706,0.185962162162026,NA,"Presentes","TK"
"SC_04211_gene SC_p2",9.65300612981287,0.375083616932851,1.0455767015625,0.358733717356488,0.719794302203113,NA,"Presentes","TK"
"SC_04212_gene SC_p2",7.1976240125178,-0.874104084939331,1.25670316141804,-0.695553342885687,0.486708593994962,NA,"Presentes","TK"
"SC_04213_gene SC_p2",4.82385976296329,-0.14220303527493,1.44828274090649,-0.0981873437129578,0.921783532154936,NA,"Presentes","TK"
"SC_04214_gene SC_p2",17.7989463337745,-0.925960220497382,0.821621321286826,-1.12699146980161,0.259746087570627,0.631671326177759,"Presentes","TK"
"SC_04215_gene SC_p2",4.23471644774346,-1.09022268607383,1.52977969114688,-0.712666465886003,0.476052172029322,NA,"Presentes","TK"
"SC_04216_gene SC_p2",24.8236883189744,-0.92516292520528,0.769187934938023,-1.20277877899869,0.229061938883077,0.605991531470091,"Presentes","TK"
"SC_04217_gene SC_p2",0.938826844740081,-3.26605651980257,3.24151254093005,-1.00757176736558,0.31366008824344,NA,"Presentes","TK"
"SC_04218_gene SC_p2",4.27488033635398,-1.15748093874955,1.51026142357795,-0.76641098069457,0.443431801170271,NA,"Presentes","TK"
"SC_04219_gene SC_p2",9.77270297934115,-1.67387818042126,1.11116694632708,-1.50641466248992,0.131960759012264,NA,"Presentes","TK"
"SC_04220_gene SC_p2",127.823496126172,-1.27215239139601,0.496012834994892,-2.56475700151813,0.0103248085061165,0.10624948288271,"Presentes","TK"
"SC_04221_gene SC_p2",1.93807012102161,-1.40563549549511,2.14597061777385,-0.655011528980424,0.512460331259748,NA,"Presentes","TK"
"SC_04223_gene SC_p2",11.8089604002581,0.266921906465961,0.956167607393474,0.279158072708187,0.780123518167918,NA,"Presentes","TK"
"SC_04224_gene SC_p2",3.60578057582183,-0.231198419092835,1.76778763939855,-0.130784045515498,0.895946144415978,NA,"Presentes","TK"
"SC_04225_gene SC_p2",4.10891329202902,-0.139889911568938,1.67404525571568,-0.0835639963085307,0.933403093560453,NA,"Presentes","TK"
"SC_04226_gene SC_p2",25.945469875928,-0.837508217587375,0.732070960288005,-1.14402600706616,0.252612851591981,0.625018910198408,"Presentes","TK"
"SC_04227_gene SC_p2",27.7310177261984,0.363048807056303,0.728794855970612,0.498149519143894,0.618378659973355,0.8687460981683,"Presentes","TK"
"SC_04228_gene SC_p2",49.8241700233221,-0.992114638089688,0.637509686594462,-1.55623460937434,0.11965231434049,0.454278482940112,"Presentes","TK"
"SC_04229_gene SC_p2",2.55256546277222,-3.08412420760548,2.23862241103397,-1.37768843571123,0.168299503309759,NA,"Presentes","TK"
"SC_04230_gene SC_p2",20.5595874198437,-0.608530366828784,0.827006463912148,-0.73582298734418,0.461838429827035,0.791268950710174,"Presentes","TK"
"SC_04231_gene SC_p2",2.4619037505509,1.57917303944686,2.02519241521642,0.779764444890094,0.435529538015538,NA,"Presentes","TK"
"SC_04232_gene SC_p2",138.112648729464,0.863099206213956,0.515860479464455,1.67312527431834,0.0943026369572629,0.407111383937452,"Presentes","TK"
"SC_04233_gene SC_p2",3.54155184253592,-0.278836120751765,1.59011920364712,-0.175355482854508,0.86080031806419,NA,"Presentes","TK"
"SC_04234_gene SC_p2",2.01673938447854,-1.42938968643727,2.26800362202367,-0.630241359650857,0.528536682835932,NA,"Presentes","TK"
"SC_04235_gene SC_p2",49.3813465250205,-1.69223683988363,0.643453033067553,-2.62993062883888,0.00854022931860166,0.0924476567551974,"Presentes","TK"
"SC_04236_gene SC_p2",11.9609352848032,0.175498757867857,0.936726239611607,0.187353306063705,0.851383630645138,NA,"Presentes","TK"
"SC_04237_gene SC_p2",15.943228586986,-1.01763604327234,0.873632020011942,-1.16483372857422,0.244086303224087,0.615431277359876,"Presentes","TK"
"SC_04238_gene SC_p2",2.65096186028646,-0.483284409818391,1.96929564621542,-0.24540977925136,0.806139157748765,NA,"Presentes","TK"
"SC_04240_gene SC_p2",21.5996329840775,1.43272758779568,0.784330895516691,1.82668768498766,0.0677467409297756,0.346449835325456,"Presentes","TK"
"SC_04241_gene SC_p2",2.70383072682143,1.06448253148759,1.81067739013609,0.587891878081927,0.556604868360562,NA,"Presentes","TK"
"SC_04242_gene SC_p2",2.9757417336671,0.693625852817337,1.70597275766266,0.406586711131113,0.684311559040595,NA,"Presentes","TK"
"SC_04243_gene SC_p2",2.02847058313819,0.213160022779638,2.05107355271802,0.103926074468253,0.917228014712478,NA,"Presentes","TK"
"SC_04244_gene SC_p2",3.57153587311105,-0.259016261879406,1.59918978119942,-0.161967181709439,0.87133169778809,NA,"Presentes","TK"
"SC_04246_gene SC_p2",2.11687133423933,-1.47953579837562,2.2568098567011,-0.655587263580254,0.512089722562937,NA,"Presentes","TK"
"SC_04248_gene SC_p2",5.95858266194949,0.0235929501422865,1.31467604462876,0.0179458279769209,0.98568206945198,NA,"Presentes","TK"
"SC_04249_gene SC_p2",3.22792560645546,-1.09190780087225,1.69751148408852,-0.643240302706142,0.520068185616483,NA,"Presentes","TK"
"SC_04250_gene SC_p2",8.49213061116033,-3.26670728147853,1.3079930625342,-2.49749587750058,0.0125073919406635,NA,"Presentes","TK"
"SC_04251_gene SC_p2",14.7118999038822,0.0817642166987428,0.874036580795406,0.093547819960046,0.925468361388485,0.972546251993925,"Presentes","TK"
"SC_04252_gene SC_p2",29.6965108059204,-1.655436821853,0.860627166887209,-1.92352378073368,0.0544143028819864,0.299109677332658,"Presentes","TK"
"SC_04253_gene SC_p2",1.89364556027546,-1.28773884861579,2.27666551012048,-0.56562496462102,0.571648753381507,NA,"Presentes","TK"
"SC_04254_gene SC_p2",56.4192691655212,-0.515687001411322,0.582676234338506,-0.885031808439493,0.376139475948862,0.736703387307694,"Presentes","TK"
"SC_04255_gene SC_p2",1.24117025255206,-0.525187013909883,2.70941093765046,-0.193838079935306,0.846302668982003,NA,"Presentes","TK"
"SC_04257_gene SC_p2",0.529829853911488,2.63506482553037,4.093917094229,0.643653685426336,0.519800029194803,NA,"Presentes","TK"
"SC_04258_gene SC_p2",17.1276956939262,0.813163197674806,0.837933592094822,0.970438714172932,0.331827859250422,0.693661257620487,"Presentes","TK"
"SC_04260_gene SC_p2",0.727332269435863,1.24792551515358,3.41417180107562,0.365513391786676,0.714728212133805,NA,"Presentes","TK"
"SC_04261_gene SC_p2",1.25942308446754,-3.70839022766978,2.94267648685882,-1.26020996335494,0.20759362959215,NA,"Presentes","TK"
"SC_04262_gene SC_p2",2.42992000896031,-1.12785527752385,2.03581464248227,-0.554006859950989,0.579574150964975,NA,"Presentes","TK"
"SC_04263_gene SC_p2",2428.20867969595,0.0581224730127967,0.473732197142325,0.122690569404838,0.902352131968039,0.963103505749192,"Presentes","TK"
"SC_04264_gene SC_p2",24.1084835065995,0.568458195187473,0.736232734896509,0.772117522412774,0.440044825008309,0.780440220706119,"Presentes","TK"
"SC_04265_gene SC_p2",15.2611596897605,-2.06647390220212,0.918520606704491,-2.24978502073711,0.024462595344914,0.189263946872878,"Presentes","TK"
"SC_04279_gene SC_p2",18.724229389126,-0.696709522067902,0.794842695971546,-0.876537616309483,0.380737836185462,0.736703387307694,"Presentes","TK"
"SC_04290_gene SC_p2",36.7745208247207,0.290913504114062,0.684996910304126,0.424693162462444,0.671060368897537,0.887244701595543,"Presentes","TK"
"SC_04313_gene SC_p2",1.23743498929005,-1.94834472267984,3.03157196533855,-0.642684635217707,0.520428752815549,NA,"Presentes","TK"
"SC_04318_gene SC_p2",0.991247340883882,-1.48785892744423,3.05414627550768,-0.487160336548358,0.626144710880572,NA,"Presentes","TK"
"SC_04320_gene SC_p2",0.977255181104039,1.80708510837795,3.05137141756464,0.592220631672632,0.55370285548074,NA,"Presentes","TK"
"SC_04329_gene SC_p2",1.48264885843141,-3.91745165544349,2.76470673654261,-1.41695016099336,0.156497499407836,NA,"Presentes","TK"
"SC_04338_gene SC_p2",1.46865669865157,-0.819477916841911,2.37611012886105,-0.34488212767929,0.730182987268675,NA,"Presentes","TK"
"SC_04343_gene SC_p2",87.5640915709968,1.40927464184687,0.536460404248949,2.62698724954336,0.00861445618780685,0.0924476567551974,"Presentes","TK"
"SC_04346_gene SC_p2",4.72585671518626,1.11956846041336,1.48571875610028,0.753553427131794,0.451117418684849,NA,"Presentes","TK"
"SC_04349_gene SC_p2",15.7085108871348,0.0343800274641986,0.852829440370611,0.0403128994342153,0.967843669878096,0.983400284548927,"Presentes","TK"
"SC_04364_gene SC_p2",14.5031146600893,0.0971318732042874,0.898020293093107,0.108162225231826,0.913867009010256,0.968100543088278,"Presentes","TK"
"SC_04365_gene SC_p2",2.28065445592656,-2.9029514419882,2.31296408349853,-1.25507847817389,0.209450272407341,NA,"Presentes","TK"
"SC_04367_gene SC_p2",1.40824026711012,-3.85110302772295,2.79395848346531,-1.37836802175617,0.168089691366666,NA,"Presentes","TK"
"SC_04379_gene SC_p2",5.85308706981996,-0.0746913607043343,1.27831024195512,-0.0584297600479967,0.953406310169242,NA,"Presentes","TK"
"SC_04386_gene SC_p2",1.91936891871495,-1.27400845041947,2.51437686099202,-0.506689538145379,0.612372672300909,NA,"Presentes","TK"
"SC_04391_gene SC_p2",1.23743498929005,-1.94834472267984,3.03157196533855,-0.642684635217707,0.520428752815549,NA,"Presentes","TK"
"SC_04398_gene SC_p2",1.9600582161991,-2.63332514121179,2.42155475277873,-1.08745224042118,0.276836994626999,NA,"Presentes","TK"
"SC_04399_gene SC_p2",1.49864072922671,-0.763917573228952,2.4935364684178,-0.306359093963312,0.759331250192474,NA,"Presentes","TK"
"SC_04404_gene SC_p2",1.13632926026446,-3.54687413757043,3.01582599827434,-1.17608712823616,0.23956006098478,NA,"Presentes","TK"
"SC_04405_gene SC_p2",5.92149943675906,0.684258314465939,1.26300925390172,0.541768250986372,0.587978165537901,NA,"Presentes","TK"
"SC_04410_gene SC_p2",1.44666860347408,0.220437423506113,2.36479685748659,0.0932162197392308,0.925731789005278,NA,"Presentes","TK"
"SC_04412_gene SC_p2",16.6723514698184,0.454208700008424,0.83972653641732,0.540900734120298,0.588576004882037,0.850492259699882,"Presentes","TK"
"SC_04431_gene SC_p2",2.39078205210044,1.17707898156405,1.99073874070903,0.591277477799428,0.554334517577936,NA,"Presentes","TK"
"SC_04443_gene SC_p2",29.2388320926993,2.47803107880109,0.784927977598725,3.15701713981702,0.00159391977090502,0.0313470888277988,"Deletados","TK"
"SC_04450_gene SC_p3",0.999243276281529,0.183173661451289,2.79512200685468,0.0655333330717153,0.947749367413688,NA,"Presentes","TK"
"SC_04459_gene SC_p3",0.809736796154801,3.24356062356653,3.45957835315616,0.937559520976724,0.348470822034802,NA,"Presentes","TK"
"SC_04473_gene SC_p3",16.3864181280396,-1.53522142487575,1.03455619460648,-1.48394203512523,0.137824298944123,0.480697037424388,"Presentes","TK"
"SC_04475_gene SC_p3",2.01673938447854,-1.42938968643727,2.26800362202367,-0.630241359650857,0.528536682835932,NA,"Presentes","TK"
"SC_04477_gene SC_p3",2.37376424955451,-3.03414136573473,2.3104383109648,-1.31323193150642,0.189104807244495,NA,"Presentes","TK"
"SC_04480_gene SC_p3",0.741324429215706,-2.91697392394968,3.5737978375975,-0.816211228643707,0.414379335792544,NA,"Presentes","TK"
"SC_04487_gene SC_p3",1.02123137145902,-1.43241445792384,3.0248257998864,-0.473552711028066,0.635818904155108,NA,"Presentes","TK"
"SC_04495_gene SC_p3",13.0209332812134,-0.907787959249362,0.927481478492829,-0.978766671141002,0.327695281097455,NA,"Presentes","TK"
"SC_04514_gene SC_p3",1.30113831370233,-0.40603482966802,2.66471943458278,-0.152374326692143,0.878891704947026,NA,"Presentes","TK"
"SC_04515_gene SC_p3",1.33157071466864,2.10350296520343,2.72978951839243,0.770573317477672,0.440959881845452,NA,"Presentes","TK"
"SC_04522_gene SC_p3",0.727332269435863,1.24792551515358,3.41417180107562,0.365513391786676,0.714728212133805,NA,"Presentes","TK"
"SC_04532_gene SC_p3",0.469413422370041,-2.26590906134613,4.28909674121972,-0.528295162841619,0.597294488420541,NA,"Deletados","TK"
"SC_04556_gene SC_p3",1.67144571806223,2.49176031473485,2.7590384735229,0.903126338631018,0.366458846656375,NA,"Presentes","TK"
"SC_04557_gene SC_p3",1.7570079466837,2.79906893241421,2.49438942620043,1.12214592597832,0.261800399596715,NA,"Presentes","TK"
"SC_04558_gene SC_p3",17.4322450017084,-1.04945794652056,0.868122131686761,-1.20888283827238,0.226707860308959,0.604387861596182,"Presentes","TK"
"SC_04559_gene SC_p3",0.469413422370041,-2.26590906134613,4.28909674121972,-0.528295162841619,0.597294488420541,NA,"Presentes","TK"
"SC_04560_gene SC_p3",2.02092301813172,0.828362670159851,2.09355590744481,0.395672581378955,0.692346585108306,NA,"Presentes","TK"
"SC_04562_gene SC_p3",2.31482212015488,-0.277244005136815,1.98408192215008,-0.139734152124311,0.888870041626782,NA,"Presentes","TK"
"SC_04563_gene SC_p3",1.8689481335866,1.57512541457264,2.38825959934891,0.659528560045172,0.509556412437756,NA,"Presentes","TK"
"SC_04564_gene SC_p3",1.24117025255206,-0.525187013909883,2.70941093765046,-0.193838079935306,0.846302668982003,NA,"Presentes","TK"
"SC_04565_gene SC_p3",0.815733020536997,-3.0454593627073,3.76464718166483,-0.808962756865973,0.418536568966818,NA,"Presentes","TK"
"SC_04566_gene SC_p3",0.469413422370041,-2.26590906134613,4.28909674121972,-0.528295162841619,0.597294488420541,NA,"Presentes","TK"
"SC_04567_gene SC_p3",2.67984292062849,-0.716105809434818,1.94828001417365,-0.367557950718162,0.713202873588662,NA,"Presentes","TK"
"SC_04568_gene SC_p3",11.4193742322321,-0.223826835746032,0.950966548941999,-0.23536772770299,0.813923332096589,NA,"Presentes","TK"
"SC_04569_gene SC_p3",0.809736796154801,3.24356062356653,3.45957835315616,0.937559520976724,0.348470822034802,NA,"Presentes","TK"
"SC_04570_gene SC_p3",1.96050658659027,-0.654902144160129,2.21986506445503,-0.295018897610746,0.767979443652622,NA,"Presentes","TK"
"SC_04571_gene SC_p3",28.9760361919846,0.661088007087728,0.72474772544518,0.912162927702396,0.361682956169584,0.720922108581265,"Presentes","TK"
"SC_04572_gene SC_p3",16.8634452020591,1.3284216719008,0.900722862442142,1.47483951756152,0.140255694138858,0.48676976201133,"Presentes","TK"
"SC_04573_gene SC_p3",1.50934599613572,-2.28676353624102,2.65496553155366,-0.861315715425814,0.389064182526383,NA,"Presentes","TK"
"SC_04576_gene SC_p3",1.6254698166918,0.0310613400257543,2.44212360144748,0.0127189876906082,0.989851989705109,NA,"Presentes","TK"
"SC_04577_gene SC_p3",0.719336334038216,-0.841009443167153,3.43906123430653,-0.24454622522496,0.806807805886866,NA,"Presentes","TK"
"SC_04578_gene SC_p3",4.90852525080242,-1.16331559076661,1.53266695416249,-0.759013944684601,0.447844215135815,NA,"Presentes","TK"
"SC_04579_gene SC_p3",10.1215037022362,1.86725258439863,1.15130061674806,1.62186361862016,0.104832552916464,NA,"Presentes","TK"
"SC_04581_gene SC_p3",0.815733020536997,-3.0454593627073,3.76464718166483,-0.808962756865973,0.418536568966818,NA,"Presentes","TK"
"SC_04582_gene SC_p3",1.6094779458965,-2.3528621659412,2.81654761786112,-0.835370987879109,0.403508859564115,NA,"Presentes","TK"
"SC_04583_gene SC_p3",3.81198854723976,-3.73036994892277,2.03231189117331,-1.83553024765757,0.0664271615695793,NA,"Presentes","TK"
"SC_04584_gene SC_p3",14.6992719644402,-0.506479926110447,0.865267535760166,-0.585344884880591,0.558315840025143,0.838895617015707,"Presentes","TK"
"SC_04585_gene SC_p3",0.666915837894416,-2.78188054983375,3.71097966221406,-0.749635083737972,0.45347451471927,NA,"Presentes","TK"
"SC_04586_gene SC_p3",1.68215098497124,0.811199104557348,2.38350275427558,0.340339067409174,0.733601199690771,NA,"Presentes","TK"
"SC_04588_gene SC_p3",1.94606605641926,-0.500274313277619,2.08147675283786,-0.240345856659486,0.810062148161822,NA,"Presentes","TK"
"SC_04589_gene SC_p3",2.02047464774055,-0.573444504376875,2.06227412862658,-0.278064150840497,0.780963114388985,NA,"Presentes","TK"
"SC_04590_gene SC_p3",60.8321490289658,0.00538313899974965,0.623293084779649,0.0086366095360303,0.993109068260568,0.997622432456501,"Presentes","TK"
"SC_04591_gene SC_p3",5.44035481572936,0.403645688436935,1.34471136981594,0.300172734088048,0.764045401683546,NA,"Presentes","TK"
"SC_04593_gene SC_p3",28.9031047709732,0.531668725940563,0.812253961485209,0.654559720420944,0.51275126486616,0.814762630828271,"Deletados","TK"
"SC_04594_gene SC_p3",416.177615776837,2.59767129861288,0.459383152841942,5.6546943059243,1.56123889266997e-08,2.76339284002585e-06,"Presentes","TK"
"SC_04595_gene SC_p3",4.02966646721262,-0.661922075174254,1.5022590911461,-0.440617786289622,0.659489724226876,NA,"Presentes","TK"
"SC_04596_gene SC_p3",3.91230761728699,1.56690715803162,1.59088572795937,0.984927534702,0.324659667190291,NA,"Presentes","TK"
"SC_04597_gene SC_p3",21.609103181121,0.156627703366259,0.791145254660233,0.19797591206374,0.843063910097734,0.952888327505101,"Presentes","TK"
"SC_04598_gene SC_p3",216.924158159508,1.43036023434919,0.544942649634106,2.62479039823655,0.00867023221545919,0.0924476567551974,"Presentes","TK"
"SC_04599_gene SC_p3",13.8489229092837,-0.903976969480335,0.931545500731989,-0.970405598835493,0.331844359006674,0.693661257620487,"Presentes","TK"
"SC_04600_gene SC_p3",0.916838749562591,-1.36082041556473,3.12681643961642,-0.435209562775507,0.663410322007953,NA,"Presentes","TK"
"SC_04601_gene SC_p3",1.39424810733028,-0.724969238797132,2.43531131238265,-0.29769058071177,0.76593933318114,NA,"Presentes","TK"
"SC_04602_gene SC_p3",7.74054928542679,-1.95504648251838,1.18955651343809,-1.64350870297692,0.100277726187163,NA,"Presentes","TK"
"SC_04603_gene SC_p3",18.1370666757573,0.530343609647377,0.807085386955417,0.657109666733035,0.511110403667444,0.814762630828271,"Presentes","TK"
"SC_04604_gene SC_p3",7.849761031654,1.19201461314511,1.16601981646333,1.02229361483806,0.306641954400556,NA,"Presentes","TK"
"SC_04605_gene SC_p3",22.0381655945941,-0.584419006897917,0.776359934234998,-0.752768118403464,0.451589268141237,0.788627779399007,"Presentes","TK"
"SC_04606_gene SC_p3",0.666915837894416,-2.78188054983375,3.71097966221406,-0.749635083737972,0.45347451471927,NA,"Presentes","TK"
"SC_04607_gene SC_p3",0.969259245706392,0.118565406309619,3.00295058047581,0.0394829695435189,0.96850533126458,NA,"Presentes","TK"
"SC_04608_gene SC_p3",1.5570574497527,-3.981740769764,2.77130942301716,-1.43677235630694,0.150782687604975,NA,"Presentes","TK"
"SC_04609_gene SC_p3",179.150797791415,1.15558115621238,0.637564536625813,1.81249283771031,0.0699100796233266,0.350549952123485,"Presentes","TK"
"SC_04610_gene SC_p3",0.592507246573125,-2.6281929857464,4.24964433539385,-0.61845010507281,0.536278678057532,NA,"Presentes","TK"
"SC_04612_gene SC_p3",1.34182761118648,-1.99088413041555,2.75026506311433,-0.723888092503026,0.469134440882431,NA,"Presentes","TK"
"SC_04613_gene SC_p3",3.41472275507083,-0.635476937094708,1.61349858387662,-0.393850322178716,0.693691549151154,NA,"Presentes","TK"
"SC_04614_gene SC_p3",6.5452778957627,-0.799950926206993,1.24099923789276,-0.644602270316721,0.519184963253023,NA,"Presentes","TK"
"SC_04615_gene SC_p3",4.24360912392346,0.615107591490065,1.52149882410274,0.404277401826326,0.686008741268774,NA,"Presentes","TK"
"SC_04618_gene SC_p3",2.98689537096728,1.00757089966053,4.16766896901294,0.241758860205051,0.808967018178787,NA,"Presentes","TK"
"SC_04619_gene SC_p3",2.93357813404113,-1.42048984542052,1.8116892044194,-0.784069277420987,0.432999461376308,NA,"Presentes","TK"
"SC_04622_gene SC_p3",3.42542802197984,-1.2176086687673,1.66581415326142,-0.73093908248012,0.464816362702338,NA,"Presentes","TK"
"SC_04623_gene SC_p3",1.78125700298138,-2.55867345564731,2.49390205070262,-1.02597191213923,0.304904823800664,NA,"Presentes","TK"
"SC_04624_gene SC_p3",5.22067718474106,-2.54202372454494,1.55601795996108,-1.63367248319456,0.102327639165958,NA,"Presentes","TK"
"SC_04627_gene SC_p3",0.543822013691331,-2.4596709300661,4.42288102923727,-0.556124144829251,0.578125990346449,NA,"Presentes","TK"
"SC_04628_gene SC_p3",0.719336334038216,-0.841009443167153,3.43906123430653,-0.24454622522496,0.806807805886866,NA,"Presentes","TK"
"SC_04629_gene SC_p3",0.477409357767688,0.305386883735129,4.36591760395391,0.0699479265157366,0.944235106674055,NA,"Presentes","TK"
"SC_04630_gene SC_p3",0.469413422370041,-2.26590906134613,4.28909674121972,-0.528295162841619,0.597294488420541,NA,"Presentes","TK"
"SC_04631_gene SC_p3",447.374278344343,0.326239105908352,0.522445252221727,0.624446493715854,0.532334399239211,0.824907106289681,"Presentes","TK"
"SC_04632_gene SC_p3",15.162689162428,-0.271163873292095,0.856910573984518,-0.316443607448114,0.751665822192121,0.911363399328738,"Presentes","TK"
"SC_04633_gene SC_p3",2.20198519246963,-2.88627011727249,2.34875664952128,-1.22885021650104,0.219127969744964,NA,"Presentes","TK"
"SC_04634_gene SC_p3",6.02660167915139,-0.983914997773236,1.43332323957551,-0.686457158166659,0.49242487135202,NA,"Presentes","TK"
"SC_04635_gene SC_p3",3.90341494110699,-0.40618738068647,1.71687781258049,-0.236584908786237,0.812978828916042,NA,"Presentes","TK"
"SC_04636_gene SC_p3",0.741324429215706,-2.91697392394968,3.5737978375975,-0.816211228643707,0.414379335792544,NA,"Presentes","TK"
"SC_04637_gene SC_p3",0.529829853911488,2.63506482553037,4.093917094229,0.643653685426336,0.519800029194803,NA,"Presentes","TK"
"SC_04638_gene SC_p3",11.0902566482333,-0.148414679516578,1.06227365477036,-0.139714167672418,0.888885832020977,NA,"Presentes","TK"
"SC_04639_gene SC_p3",23.0726575280045,1.08128055138222,0.802896197155946,1.34672521206649,0.17806874917154,0.538174722036796,"Presentes","TK"
"SC_04640_gene SC_p3",16.730080547181,-1.07934506365262,0.892993206885371,-1.20868227812977,0.226784932704083,0.604387861596182,"Presentes","TK"
"SC_04641_gene SC_p3",0.864418253418791,-3.16087165320134,3.3595594032698,-0.940858985891103,0.346777128121498,NA,"Presentes","TK"
"SC_04643_gene SC_p3",5.02046543770532,-1.46471060855101,1.40126550876804,-1.04527700095805,0.295894964133054,NA,"Presentes","TK"
"SC_04644_gene SC_p3",2.51232453567925,-0.494036836609428,1.88507421062162,-0.262078189720984,0.793261161331591,NA,"Presentes","TK"
"SC_04645_gene SC_p3",17.3679421386041,0.564235028902748,0.852301220109223,0.662013635074278,0.507962483285933,0.814762630828271,"Presentes","TK"
"SC_04646_gene SC_p3",12.2468384514287,-0.142038856373448,0.937690048517773,-0.151477406204717,0.879599132407935,NA,"Presentes","TK"
"SC_04647_gene SC_p3",1.01323543606137,-3.3643749244409,3.18834613689738,-1.05521006188958,0.29132926334902,NA,"Presentes","TK"
"SC_04648_gene SC_p3",2.59898973453383,0.0549575761700113,1.84321135198464,0.0298162096879649,0.976213631052733,NA,"Presentes","TK"
"SC_04649_gene SC_p3",2.96774579826945,0.161433164042913,1.70802233162432,0.0945146682534241,0.924700331023064,NA,"Presentes","TK"
"SC_04650_gene SC_p3",30.4496301399462,-0.510941767901389,0.684433299261856,-0.746517985686008,0.455354570929822,0.788627779399007,"Presentes","TK"
"SC_04651_gene SC_p3",8.85365542114421,-0.441029016464704,1.08803841001704,-0.405343241933709,0.685225225247576,NA,"Presentes","TK"
"SC_04652_gene SC_p3",1.81124103355652,-2.51712443327579,2.48070592627884,-1.01468070302536,0.310258055566655,NA,"Presentes","TK"
"SC_04654_gene SC_p3",1.1967456918059,-0.342993604164988,2.58056307061776,-0.13291424963424,0.894261197316682,NA,"Presentes","TK"
"SC_04655_gene SC_p3",4.7892437283438,-1.82645483594096,1.46542575477907,-1.2463646349769,0.212630558502574,NA,"Presentes","TK"
"SC_04656_gene SC_p3",0.499845823336351,2.56058177794738,4.57186145292524,0.560074228913703,0.575428807833578,NA,"Presentes","TK"
"SC_04657_gene SC_p3",40.2069461573327,1.32433512404966,0.837319888072041,1.58163581555311,0.113732732875118,0.451360845715154,"Presentes","TK"
"SC_04658_gene SC_p3",0.559813884486625,2.70606943357398,4.36953908101829,0.619303176696466,0.535716652125594,NA,"Presentes","TK"
"SC_04659_gene SC_p3",0.521833918513841,0.0186745041851126,4.22821172933316,0.00441664357902385,0.996476039734561,NA,"Presentes","TK"
"SC_04660_gene SC_p3",1.31184358061134,-2.03957251652399,2.77017287266551,-0.736261818404667,0.461571377680361,NA,"Presentes","TK"
"SC_04662_gene SC_p3",0.719336334038216,-0.841009443167153,3.43906123430653,-0.24454622522496,0.806807805886866,NA,"Presentes","TK"
"SC_04663_gene SC_p3",1.85566559430267,-2.61700959847661,2.45445774387684,-1.06622719621281,0.286320951000469,NA,"Presentes","TK"
"SC_04664_gene SC_p3",24.9048827023204,-0.718418113051744,0.729242724734427,-0.985156366576539,0.324547269612578,0.693661257620487,"Presentes","TK"
"SC_04665_gene SC_p3",6.39317382024929,-0.553246097514905,1.23368494496336,-0.448450068044995,0.653828414478784,NA,"Presentes","TK"
"SC_04666_gene SC_p3",0.749320364613353,-0.778741300078014,3.39275872145292,-0.229530409915069,0.818456687751593,NA,"Presentes","TK"
"SC_04667_gene SC_p3",1.80098413703868,0.54449813758353,2.15918700273209,0.252177387551221,0.800903955493015,NA,"Presentes","TK"
"SC_04668_gene SC_p3",9.69324705690585,-0.0961357387914862,1.02737458414153,-0.0935741844069623,0.925447417472211,NA,"Presentes","TK"
"SC_04669_gene SC_p3",446.563078083736,-0.0430039012945235,0.458478980956891,-0.0937968872744615,0.925270504380318,0.972546251993925,"Presentes","TK"
"SC_04670_gene SC_p3",0.864418253418791,-3.16087165320134,3.3595594032698,-0.940858985891103,0.346777128121498,NA,"Presentes","TK"
"SC_04671_gene SC_p3",7.36482321804416,-1.50811328845457,1.25593321047654,-1.20079099419812,0.229832286139705,NA,"Presentes","TK"
"SC_04672_gene SC_p3",5.37801571165492,-2.52824533234757,1.53425765540617,-1.64786228925692,0.0993809333927127,NA,"Presentes","TK"
"SC_04673_gene SC_p3",7.93623911022214,-0.620407448544095,1.12062224134004,-0.553627641552262,0.5798337048054,NA,"Presentes","TK"
"SC_04674_gene SC_p3",1.27115428312719,-0.462177739601405,2.53543639850528,-0.182287254325872,0.85535730068444,NA,"Presentes","TK"
"SC_04675_gene SC_p3",8.07995680926488,0.608806360654088,1.14696491467323,0.530797719150403,0.595558960791782,NA,"Presentes","TK"
"SC_04676_gene SC_p3",3.45541205255497,-1.19085971115298,1.63988081669775,-0.726186744199516,0.467724297137366,NA,"Presentes","TK"
"SC_04677_gene SC_p3",31.663058213879,-0.0800067289956789,0.74456803046378,-0.10745388698175,0.914428906298558,0.968100543088278,"Presentes","TK"
"SC_04679_gene SC_p3",2.23996515844241,-1.6066208374469,2.14549709577796,-0.748833843964884,0.453957358293909,NA,"Presentes","TK"
"SC_04680_gene SC_p3",5.17354329248354,-1.49705197298318,1.42213506174959,-1.05267918163934,0.292488053179857,NA,"Presentes","TK"
"SC_04681_gene SC_p3",7.73628861329115,-1.96927960498492,1.20652927255914,-1.63218551739563,0.102640410758237,NA,"Presentes","TK"
"SC_04682_gene SC_p3",1.81497629681853,-1.25194408557257,2.25149229479938,-0.556050797270939,0.578176129450585,NA,"Presentes","TK"
"SC_04683_gene SC_p3",3.18723630897131,-0.509075727970689,1.65794741312634,-0.307051794248855,0.758803948987471,NA,"Presentes","TK"
"SC_04684_gene SC_p3",40.7793850321012,0.0359117974253185,0.765714910162387,0.0468996971963137,0.962593169432519,0.979708479710489,"Presentes","TK"
"SC_04685_gene SC_p3",2.36350735303667,-0.371845666410904,1.91097647814363,-0.194584114804031,0.84571853989961,NA,"Presentes","TK"
"SC_04688_gene SC_p3",8.73605729844631,-1.88969244276393,1.13502594702316,-1.66488920162577,0.0959348629602503,NA,"Presentes","TK"
"SC_04689_gene SC_p3",13.7078155259374,0.764443474704636,0.9979272523523,0.766031264205583,0.443657699749321,0.782145546370816,"Presentes","TK"
"SC_04690_gene SC_p3",13.0136249889792,0.676924131988162,0.97941129920957,0.691154096889091,0.48946870721328,NA,"Presentes","TK"
"SC_04691_gene SC_p3",6.40908865256212,0.620412339755412,1.33268334747305,0.465536198776551,0.64154752039925,NA,"Presentes","TK"
"SC_04692_gene SC_p3",74.3109626060155,-0.698870109014171,0.572222236807174,-1.22132637297295,0.221962471796542,0.598892644938842,"Presentes","TK"
"SC_04693_gene SC_p3",1.61373861803214,-2.31293030604576,2.56734124246587,-0.900904900286746,0.367638885562318,NA,"Presentes","TK"
"SC_04697_gene SC_p3",5.02317476921669,-2.47639320107712,1.57330305564001,-1.57400902019461,0.115485364103689,NA,"Presentes","TK"
"SC_04698_gene SC_p3",0.39500483104875,-2.0450108052717,4.90988225288314,-0.416509134016573,0.677037484983578,NA,"Presentes","TK"
"SC_04699_gene SC_p3",368.597081801663,0.113343526581549,0.478429047416086,0.236907702811313,0.812728394102032,0.935552570070493,"Presentes","TK"
"SC_04700_gene SC_p3",7.12042905120269,0.237793106573566,1.3009123125814,0.182789496473988,0.854963190361288,NA,"Presentes","TK"
"SC_04701_gene SC_p3",34.1899662907051,-2.34127079988874,0.840369523379786,-2.78600155616383,0.00533626155344803,0.0665153728845282,"Presentes","TK"
"SC_04702_gene SC_p3",3.89258048322969,0.211013943592278,1.50789184208762,0.139939707678329,0.88870762776248,NA,"Presentes","TK"
"SC_04703_gene SC_p3",31.0080740272627,-0.464038946270752,0.695432361393858,-0.667266828567882,0.504601710770863,0.814762630828271,"Presentes","TK"
"SC_04704_gene SC_p3",71.3443367349501,1.94641946405411,0.685225185777664,2.84055446946994,0.00450351813060906,0.0603880840240761,"Presentes","TK"
"SC_04705_gene SC_p3",3.97351070780681,-1.48214925483328,1.60422643324346,-0.923902775892198,0.355536937697135,NA,"Presentes","TK"
"SC_04706_gene SC_p3",1.6057426826345,-4.04419221669715,2.66879555390529,-1.51536231794871,0.12968067463551,NA,"Presentes","TK"
"SC_04707_gene SC_p3",6.43715001060426,-1.05219102897439,1.23291352725392,-0.853418350691589,0.393427348654932,NA,"Presentes","TK"
"SC_04708_gene SC_p3",1.22717809277221,2.20761767040579,2.82374609344858,0.781804594799697,0.434329420313885,NA,"Presentes","TK"
"SC_04709_gene SC_p3",5.22641215901852,-0.587561104140032,1.33439456434409,-0.440320366884021,0.659705091630424,NA,"Presentes","TK"
"SC_04710_gene SC_p3",3.46611731946398,-1.84448468011536,1.82766892294734,-1.00920065825757,0.312878411018145,NA,"Presentes","TK"
"SC_04711_gene SC_p3",23.1822295401514,-0.0910203757040825,0.742858061705547,-0.122527277277043,0.902481444598453,0.963103505749192,"Presentes","TK"
"SC_04712_gene SC_p3",12.1789514933633,-0.64154067551649,0.935328543587405,-0.685898746397596,0.492776960771872,NA,"Presentes","TK"
"SC_04713_gene SC_p3",1.07365186760282,0.0134885310853531,2.89990465498463,0.0046513705414996,0.996288756640647,NA,"Presentes","TK"
"SC_04714_gene SC_p3",13.4398488799726,-0.275342623021512,0.892485806899074,-0.308512046794542,0.757692734990234,NA,"Presentes","TK"
"SC_04715_gene SC_p3",1.13632926026446,-3.54687413757043,3.01582599827434,-1.17608712823616,0.23956006098478,NA,"Presentes","TK"
"SC_04716_gene SC_p3",0.551817949088978,0.0946100068148035,4.14406660158573,0.0228302331768995,0.981785691717951,NA,"Presentes","TK"
"SC_04717_gene SC_p3",91.2247597525414,0.381920186915544,0.52717358744187,0.72446760614246,0.468778707664875,0.791268950710174,"Presentes","TK"
"SC_04718_gene SC_p3",26.123410259853,-0.570204910266623,0.786591627771387,-0.72490589797168,0.468509762324177,0.791268950710174,"Presentes","TK"
"SC_04719_gene SC_p3",16.6317913228066,-1.72987248245108,0.947329582461546,-1.82605137058654,0.0678425242580362,0.346449835325456,"Presentes","TK"
"SC_04720_gene SC_p3",1965.44009802034,0.340879200403713,0.470954357054547,0.723805174105718,0.469185352372296,0.791268950710174,"Presentes","TK"
"SC_04721_gene SC_p3",2.03117991464956,-1.59468315749142,2.22477553670948,-0.716783842315171,0.473507483008412,NA,"Presentes","TK"
"SC_04722_gene SC_p3",14.8807054706868,-0.465654766034592,0.905960761652622,-0.513989993545814,0.60725898670153,0.862639170515014,"Presentes","TK"
"SC_04723_gene SC_p3",0.8424301582413,-1.21796912489597,3.46599400872732,-0.351405432851051,0.725284207148747,NA,"Presentes","TK"
"SC_04724_gene SC_p3",2.63496998949116,-1.92300347186193,2.01790220525877,-0.952971589431082,0.34060446567355,NA,"Presentes","TK"
"SC_04725_gene SC_p3",2.12757660114834,-2.83747464527142,2.35923640846958,-1.2027089083082,0.229088985407927,NA,"Presentes","TK"
"SC_04726_gene SC_p3",0.779752765579664,3.19614182899218,3.50512592470664,0.911847932898355,0.361848773678174,NA,"Presentes","TK"
"SC_04727_gene SC_p3",1.34182761118648,-1.99088413041555,2.75026506311433,-0.723888092503026,0.469134440882431,NA,"Presentes","TK"
"SC_04728_gene SC_p3",20.1759783670356,-0.135165352391046,0.802705186207772,-0.16838729176475,0.866278605060377,0.955670822923172,"Presentes","TK"
"SC_04730_gene SC_p3",17.2313456115092,-2.50488064313339,0.932908233408217,-2.68502362122183,0.00725246803607781,0.0833562884666086,"Presentes","TK"
"SC_04731_gene SC_p3",0.938826844740081,-3.26605651980257,3.24151254093005,-1.00757176736558,0.31366008824344,NA,"Presentes","TK"
"SC_04732_gene SC_p3",2.35506304724785,-2.94898848796941,2.28878023186037,-1.28845419360006,0.197587904295279,NA,"Presentes","TK"
"SC_04733_gene SC_p3",1.13632926026446,-3.54687413757043,3.01582599827434,-1.17608712823616,0.23956006098478,NA,"Presentes","TK"
"SC_04734_gene SC_p3",0.666915837894416,-2.78188054983375,3.71097966221406,-0.749635083737972,0.45347451471927,NA,"Presentes","TK"
"SC_04735_gene SC_p3",1.53933002671085,-2.24088216313726,2.63847226084165,-0.849310487889094,0.395708546465498,NA,"Presentes","TK"
"SC_04736_gene SC_p3",1.5997464582523,-0.0179533285844674,2.42792947851376,-0.00739450167039338,0.994100095048889,NA,"Presentes","TK"
"SC_04737_gene SC_p3",1.18501449314625,-3.62686768772768,3.26030338603645,-1.11243257399332,0.265952205603115,NA,"Presentes","TK"
"SC_04738_gene SC_p3",0.938826844740081,-3.26605651980257,3.24151254093005,-1.00757176736558,0.31366008824344,NA,"Presentes","TK"
"SC_04740_gene SC_p3",0.469413422370041,-2.26590906134613,4.28909674121972,-0.528295162841619,0.597294488420541,NA,"Presentes","TK"
"SC_04741_gene SC_p3",1.90435082718447,-2.68086671708461,2.48865977495177,-1.07723311320711,0.281376135412004,NA,"Presentes","TK"
"SC_04742_gene SC_p3",3.14880797260736,-2.29928578347495,1.83719728939504,-1.25151816669187,0.210745489917144,NA,"Presentes","TK"
"SC_04743_gene SC_p3",4.95302685003104,-2.42671676101656,1.56165577544478,-1.55393832570139,0.120199128663609,NA,"Presentes","TK"
"SC_04744_gene SC_p3",1.87765368948016,-4.26619901238435,2.5369411902534,-1.68163102431169,0.0926404107525382,NA,"Presentes","TK"
"SC_04748_gene SC_p3",6.0930913735575,-2.28851667390402,1.37690758635062,-1.66206991419776,0.096498757112018,NA,"Presentes","TK"
"SC_04749_gene SC_p3",7.08491627580085,-1.73508900414352,1.27643946044955,-1.35931946473391,0.174045378666506,NA,"Presentes","TK"
"SC_04750_gene SC_p3",1.11434116508697,-1.74030673616466,2.92038042109065,-0.59591782070458,0.551230127551814,NA,"Presentes","TK"
"SC_04751_gene SC_p3",12.2275596877626,-0.300703181196267,0.94233351843809,-0.319104834236056,0.749647017965125,NA,"Presentes","TK"
"SC_04752_gene SC_p3",105.587308443517,-1.68808147911634,0.590628538827027,-2.85811024721025,0.00426172294962809,0.0589316376628259,"Presentes","TK"
"SC_04753_gene SC_p3",81.3306243309294,0.469868249615856,0.595805856057663,0.788626437351399,0.43033037442559,0.780440220706119,"Presentes","TK"
"SC_04755_gene SC_p3",206.768520777569,-0.242691815965931,0.546979793896666,-0.44369429853524,0.657263618129018,0.884182075751624,"Presentes","TK"
"SC_04756_gene SC_p3",119.242208841415,-0.348844712399487,0.590488382529089,-0.59077320184585,0.554672392849885,0.834838550462838,"Presentes","TK"
"SC_04757_gene SC_p3",27.7357296368933,0.0504101735597203,0.703498485607358,0.0716564066462761,0.942875349390721,0.972546251993925,"Presentes","TK"
"SC_04758_gene SC_p3",3882.48186506721,1.65702821958856,0.480828027498261,3.44619723648401,0.000568535238508092,0.0150235105785244,"Presentes","TK"
"SC_04759_gene SC_p3",1.64417101899845,-0.161703392529761,2.24193030705985,-0.0721268596176056,0.942500951004574,NA,"Presentes","TK"
"SC_04760_gene SC_p3",3.89484144434988,-1.47139193180575,1.58744531812818,-0.926892986487699,0.353982099024439,NA,"Presentes","TK"
"SC_04761_gene SC_p3",2.68783885602614,-0.118677755682861,1.81218300395654,-0.0654888360743655,0.947784794777401,NA,"Presentes","TK"
"SC_04762_gene SC_p3",19.1708159048543,-0.130413016603085,0.793272590793682,-0.164398742773407,0.869417253230648,0.955670822923172,"Presentes","TK"
"SC_04763_gene SC_p3",0.469413422370041,-2.26590906134613,4.28909674121972,-0.528295162841619,0.597294488420541,NA,"Presentes","TK"
"SC_04764_gene SC_p3",1.74901201128606,1.46867991488408,2.26638837911375,0.64802658203639,0.516967757600664,NA,"Presentes","TK"
"SC_04765_gene SC_p3",0.947271150528902,1.7613979916506,3.31907693296854,0.530689112431999,0.595634231994651,NA,"Presentes","TK"
"SC_04768_gene SC_p3",5.60406089893413,0.779516341659574,1.41574563202038,0.550604800769998,0.581904617173014,NA,"Presentes","TK"
"SC_04769_gene SC_p3",1.42468050829659,1.31649911370027,2.56811169535632,0.51263312109079,0.608207980134304,NA,"Presentes","TK"
"SC_04770_gene SC_p3",59.8518271590949,1.3049434633123,0.614149998823162,2.12479600392875,0.0336036384208861,0.225297121230941,"Presentes","TK"
"SC_04771_gene SC_p3",1.72702391610857,2.77606398944428,2.54575295844596,1.09046872762505,0.275506721570533,NA,"Presentes","TK"
"SC_04773_gene SC_p3",0.529829853911488,2.63506482553037,4.093917094229,0.643653685426336,0.519800029194803,NA,"Presentes","TK"
"SC_04774_gene SC_p3",0.39500483104875,-2.0450108052717,4.90988225288314,-0.416509134016573,0.677037484983578,NA,"Presentes","TK"
"SC_04775_gene SC_p3",4.99700304038601,-4.15455516091758,1.93596128855292,-2.14599082403296,0.0318737107857703,NA,"Presentes","TK"
"SC_04776_gene SC_p3",36.3002993035129,0.274771895547089,0.695684286291444,0.394966367591604,0.692867709043527,0.892607421113595,"Presentes","TK"
"SC_04777_gene SC_p3",8.9279348214972,-0.393857727368625,1.10287140273828,-0.357120264784028,0.721001774332704,NA,"Presentes","TK"
"SC_04778_gene SC_p3",11.5868155786988,0.0908189529932731,1.01317099053092,0.089638327431466,0.928574626102544,NA,"Presentes","TK"
"SC_04779_gene SC_p3",4.23561318852581,0.248700111139387,1.50260161385063,0.165513006805614,0.868540213072335,NA,"Presentes","TK"
"SC_04780_gene SC_p3",0.666915837894416,-2.78188054983375,3.71097966221406,-0.749635083737972,0.45347451471927,NA,"Presentes","TK"
"SC_04781_gene SC_p3",6.2443566376067,-0.506213207811517,1.26617339888822,-0.399797696157577,0.689305527736218,NA,"Presentes","TK"
"SC_04782_gene SC_p3",10.9135321845135,0.0543323070452573,0.974346294190071,0.0557628302886102,0.955530745980246,NA,"Presentes","TK"
"SC_04783_gene SC_p3",3.2676411246748,-2.41489830855606,1.92599261929161,-1.2538460866191,0.209897954241602,NA,"Presentes","TK"
"SC_04784_gene SC_p3",7.33799688937156,-1.6216934182912,1.24298152313506,-1.30468022903586,0.192001756474256,NA,"Presentes","TK"
"SC_04785_gene SC_p3",71.0788152617278,1.40588094101499,0.667560840074745,2.10599672212285,0.0352046370801035,0.23078595419179,"Presentes","TK"
"SC_04786_gene SC_p3",68.5813128976465,-0.899971286307128,0.576830483755423,-1.56020063372503,0.118712475932449,0.454278482940112,"Presentes","TK"
"SC_04787_gene SC_p3",7.63208311168115,0.262201592403891,1.13774408952769,0.23045744189516,0.817736329922132,NA,"Presentes","TK"
"SC_04789_gene SC_p3",102.709514249297,-1.37103721735211,0.529000657032523,-2.59174955479841,0.00954892576738383,0.0994211682839375,"Presentes","TK"
"SC_04790_gene SC_p3",11.1595136034689,0.405652467183888,1.05790172188453,0.383450049085149,0.70138610004815,NA,"Presentes","TK"
"SC_04791_gene SC_p3",116.201637867757,0.383945394635824,0.66141664459898,0.580489465711301,0.561584588616456,0.839531015076965,"Presentes","TK"
"SC_04792_gene SC_p3",35.4496588230983,-0.489268623870456,0.652686848318119,-0.749622311421215,0.453482209306547,0.788627779399007,"Presentes","TK"
"SC_04793_gene SC_p3",0.551817949088978,0.0946100068148035,4.14406660158573,0.0228302331768995,0.981785691717951,NA,"Presentes","TK"
"SC_04797_gene SC_p3",8.08176939999389,-0.499694033245663,1.1354979797364,-0.440065981765697,0.65988931941699,NA,"Presentes","TK"
"SC_04798_gene SC_p3",7.2374165692196,-2.18122591707576,1.25691253524204,-1.73538401115215,0.0826728101808655,NA,"Presentes","TK"
"SC_04799_gene SC_p3",62.6499718914393,-1.36645036244413,0.578167032950337,-2.36341798229355,0.0181072341873095,0.154085598613163,"Presentes","TK"
"SC_04800_gene SC_p3",0.644927742716926,-0.639203916615205,3.84234443051747,-0.166357787068329,0.867875392033519,NA,"Presentes","TK"
"SC_04801_gene SC_p3",0.674911773292062,-0.571551237394367,3.77939493875158,-0.151228238026684,0.87979567573259,NA,"Presentes","TK"
"SC_04802_gene SC_p3",148.61513904648,0.186411312812484,0.544778664594289,0.34217807143991,0.732216886736478,0.907994766476345,"Presentes","TK"
"SC_04803_gene SC_p3",45.129840595664,-0.212401169032753,0.674655401463408,-0.314829123982451,0.752891397609157,0.911363399328738,"Presentes","TK"
"SC_04804_gene SC_p3",26.404288113193,-0.0531420982967897,0.70110695931551,-0.0757974194817182,0.939580269175972,0.972546251993925,"Presentes","TK"
"SC_04806_gene SC_p3",2.06960825101351,0.650324645852538,2.1889037993927,0.297100606263723,0.766389701526053,NA,"Presentes","TK"
"SC_04808_gene SC_p3",3.06040722150622,-0.926206230904899,1.70623024134182,-0.542837776791782,0.587241500723844,NA,"Presentes","TK"
"SC_04809_gene SC_p3",1.40824026711012,-3.85110302772295,2.79395848346531,-1.37836802175617,0.168089691366666,NA,"Presentes","TK"
"SC_04813_gene SC_p3",0.741324429215706,-2.91697392394968,3.5737978375975,-0.816211228643707,0.414379335792544,NA,"Presentes","TK"
"SC_04814_gene SC_p3",3.68089878763903,-5.24058454516166,2.09499551435105,-2.50147769255964,0.0123676233600979,NA,"Deletados","TK"
"SC_04831_gene SC_p3",0.39500483104875,-2.0450108052717,4.90988225288314,-0.416509134016573,0.677037484983578,NA,"Presentes","TK"
"SC_04834_gene SC_p3",0.39500483104875,-2.0450108052717,4.90988225288314,-0.416509134016573,0.677037484983578,NA,"Presentes","TK"
"SC_04838_gene SC_p3",1.01323543606137,-3.3643749244409,3.18834613689738,-1.05521006188958,0.29132926334902,NA,"Presentes","TK"
"SC_04841_gene SC_p3",3.82971597028162,-5.291777952818,2.08368487976769,-2.53962487523928,0.0110971421905895,NA,"Presentes","TK"
"SC_04903_gene SC_p4",0.469413422370041,-2.26590906134613,4.28909674121972,-0.528295162841619,0.597294488420541,NA,"Presentes","TK"
"SC_04904_gene SC_p4",1.6057426826345,-4.04419221669715,2.66879555390529,-1.51536231794871,0.12968067463551,NA,"Presentes","TK"
"SC_04908_gene SC_p4",0.864418253418791,-3.16087165320134,3.3595594032698,-0.940858985891103,0.346777128121498,NA,"Deletados","TK"
"SC_04934_gene SC_p4",0.499845823336351,2.56058177794738,4.57186145292524,0.560074228913703,0.575428807833578,NA,"Presentes","TK"
"SC_04989_gene SC_p5",2.32134375341071,-4.58920114723608,2.40716426737559,-1.90647610112602,0.0565884634820167,NA,"Presentes","TK"
"SC_04990_gene SC_p5",1.53133409131321,-3.98359099761844,2.72119089764415,-1.4639145680912,0.143217292413636,NA,"Presentes","TK"
"SC_04992_gene SC_p5",0.938826844740081,-3.26605651980257,3.24151254093005,-1.00757176736558,0.31366008824344,NA,"Deletados","TK"
"SC_05007_gene SC_p5",1.80324509815887,-4.21442281317302,2.56919026170585,-1.64037007145387,0.100928244227796,NA,"Deletados","TK"
"SC_05011_gene SC_p5",88.4489679139801,-0.386506656944888,0.548742228578643,-0.704350124367175,0.481214758185046,0.801523054707054,"Presentes","TK"
"SC_05067_gene SC_p5",108.57350303413,0.247643833452888,0.540125176146819,0.458493409286244,0.646597996460219,0.880368041334298,"Presentes","TK"
"SC_05073_gene SC_p5",0.749768735004527,3.14528368368885,3.87714692768556,0.811236649617095,0.417229782506397,NA,"Presentes","TK"
"SC_05091_gene SC_p5",0.674911773292062,-0.571551237394367,3.77939493875158,-0.151228238026684,0.87979567573259,NA,"Presentes","TK"
"SC_05094_gene SC_p5",0.757316300011,1.31649279396348,3.61536040780259,0.364138742882246,0.715754407255416,NA,"Presentes","TK"
